ipqif,gsyn,seed,dpr,am2,cm2,astd2,cstd2
0.5,0.0,0,176.43103411735112,1.3179348428126061e-05,6.320422125971616e-13,1.772455138266146e-06,6.6078490453261146e-09
0.5,0.0,1,175.91770370230515,1.3201642627630681e-05,4.4575993741761816e-13,1.8203006746094729e-06,6.6135192162421664e-09
0.5,0.0,2,175.93291488181825,1.317409522951039e-05,1.289309625823093e-12,1.8203861860861187e-06,6.572839131947209e-09
0.5,0.0,3,176.70650661936773,1.3328604489601885e-05,1.2857977796503916e-12,1.7750584398176933e-06,6.651346237068771e-09
0.5,0.0,4,176.46509147910524,1.3236108340236745e-05,1.5879657089076266e-12,1.7779548925077592e-06,6.631494282803776e-09
0.5,0.0,5,175.9926919191645,1.3219185670820137e-05,2.5782033230274375e-12,1.7948249273985869e-06,6.728048342336831e-09
0.5,0.0,6,176.1801002742103,1.3268384902473088e-05,4.197800473249384e-12,1.7934703423417683e-06,6.711176196514543e-09
0.5,0.0,7,175.98853184981203,1.323391417384633e-05,1.7756140627359604e-12,1.8059093978230113e-06,6.692519265831947e-09
0.5,0.0,8,175.8655056461834,1.317879209700359e-05,1.5274893847282775e-12,1.8090714565632906e-06,6.663900691203942e-09
0.5,0.0,9,176.2745797303581,1.3255303102407208e-05,4.113448070021782e-12,1.7988417097738474e-06,6.628232756752549e-09
0.5,0.0,10,176.2918510926815,1.3231347250729715e-05,1.0199993571353082e-12,1.7782818218643533e-06,6.698920804749744e-09
0.5,0.0,11,176.0902882074803,1.32475108954642e-05,8.26089076960076e-13,1.7937874586816499e-06,6.7268265347942785e-09
0.5,0.0,12,176.17309069195585,1.321684713594278e-05,1.8949649870387813e-12,1.7879229777538749e-06,6.6832959191181484e-09
0.5,0.0,13,176.189214067692,1.3200781917966246e-05,1.4187690957681506e-12,1.8075790459872734e-06,6.559118788460748e-09
0.5,0.0,14,176.1781882391243,1.3180534310402577e-05,2.345666749947639e-12,1.7937363703747482e-06,6.608424563121728e-09
0.5,0.0,15,176.17566495274986,1.3289674925215392e-05,7.48188341832607e-13,1.7922700894858858e-06,6.7478391747420486e-09
0.5,0.0,16,176.0328453995662,1.3284261806755302e-05,5.577320871441785e-12,1.790351146656832e-06,6.807688070627028e-09
0.5,0.0,17,176.20846235956023,1.3231232636169139e-05,5.157638939426213e-12,1.804318661954807e-06,6.599539820502753e-09
0.5,0.0,18,176.58489819615562,1.3261163565905822e-05,2.441075286565488e-12,1.7889321016641592e-06,6.55368781851283e-09
0.5,0.0,19,175.8491944876409,1.32636917801294e-05,6.608442292021656e-13,1.838602435986821e-06,6.624970407727667e-09
0.5,0.0,20,176.08550692485366,1.322351871978953e-05,5.668619848467656e-12,1.8122201451654305e-06,6.602895396208094e-09
0.5,0.0,21,176.11535158831316,1.3271246250207714e-05,9.630832921745154e-13,1.7930493448292494e-06,6.747805214979382e-09
0.5,0.0,22,176.52646713610451,1.3269433529168075e-05,1.2100653290254305e-12,1.78599285560184e-06,6.604401938873686e-09
0.5,0.0,23,176.2419005882551,1.3294000953160887e-05,3.6503754295795354e-12,1.7958944450397215e-06,6.703303847232158e-09
0.5,0.0,24,176.22624134648873,1.3238012268990458e-05,2.5698437801854543e-12,1.8129676788628664e-06,6.559120456877939e-09
0.5,0.0,25,176.15108734698208,1.3174287859290344e-05,1.3754988867424113e-12,1.8115926967849928e-06,6.5238892984341385e-09
0.5,0.0,26,176.004764485414,1.3237725009003795e-05,3.3956655573672927e-12,1.7882826616850963e-06,6.776974906779511e-09
0.5,0.0,27,176.44801863298724,1.3232815901052381e-05,2.2697816733418597e-12,1.7943045120521389e-06,6.5521100169972894e-09
0.5,0.0,28,176.32000483209123,1.3255766656222738e-05,1.3313035238025212e-12,1.7878461921502373e-06,6.667342657210076e-09
0.5,0.0,29,176.80810284657593,1.3269588455348974e-05,1.9950993039215583e-14,1.7722808680316312e-06,6.55427991528306e-09
0.5,0.0,30,176.34269094710925,1.3194876173032266e-05,2.861827001120749e-12,1.7731292635335532e-06,6.658147074034267e-09
0.5,0.0,31,175.78697313068756,1.3173444650884418e-05,7.959308469405993e-13,1.8264086340354811e-06,6.604825553964304e-09
0.5,0.0,32,176.88043499911487,1.3249432626444293e-05,5.781371783227345e-12,1.7490718054939513e-06,6.610710546841449e-09
0.5,0.0,33,176.30798007541074,1.314735338780908e-05,5.683556667754095e-12,1.7872820394034983e-06,6.542907982888255e-09
0.5,0.0,34,176.12090359350282,1.3253993616871122e-05,1.4011477485350513e-12,1.8101395458729422e-06,6.638655906798902e-09
0.5,0.0,35,176.97694440608464,1.3263124544826177e-05,2.1557941454331496e-12,1.7544362460963613e-06,6.562230033225971e-09
0.5,0.0,36,176.060624174261,1.3298573887400011e-05,5.015742735963147e-12,1.8046137281207692e-06,6.741662508168841e-09
0.5,0.0,37,176.12506940921293,1.3122168300026278e-05,1.7119906754055492e-12,1.776855653967682e-06,6.64727110185109e-09
0.5,0.0,38,176.23507939961277,1.3219027143091933e-05,5.057303291307132e-13,1.7929779462838287e-06,6.635367193033743e-09
0.5,0.0,39,175.94433670879312,1.3226418799736381e-05,3.2126626747750243e-12,1.8141422197220912e-06,6.659767643993581e-09
0.5,0.0,40,176.19649321339358,1.3223988699212702e-05,5.1363788861973385e-12,1.7926720175241375e-06,6.654606215359406e-09
0.5,0.0,41,175.5506788813809,1.3226006106093877e-05,9.65041822255228e-14,1.8188600637373108e-06,6.808249430661051e-09
0.5,0.0,42,175.95602844287166,1.3172670777074929e-05,1.1946881830249763e-13,1.8038384298474772e-06,6.645562162132579e-09
0.5,0.0,43,176.32524372127722,1.3256533604060138e-05,1.9989519623570605e-12,1.7999849960922806e-06,6.604355890928845e-09
0.5,0.0,44,176.41550774735282,1.322525349631762e-05,6.673538251735673e-13,1.7786237108566424e-06,6.6374901702740455e-09
0.5,0.0,45,176.84822680947468,1.322457509007118e-05,2.0088714771522603e-12,1.766051277137636e-06,6.514038470689848e-09
0.5,0.0,46,175.71317175025095,1.3191166093604425e-05,1.3899262838252406e-12,1.8341250269957701e-06,6.618382710116951e-09
0.5,0.0,47,176.34770859702812,1.3246412360468894e-05,2.97985472863194e-12,1.7846251203884348e-06,6.658939736557056e-09
0.5,0.0,48,176.17474978671228,1.3213499785757824e-05,1.483558755570128e-12,1.7918186846991973e-06,6.65946927308667e-09
0.5,0.0,49,175.66841282845027,1.3130018175813683e-05,2.1122568035221115e-12,1.821151021790596e-06,6.628568266424173e-09
0.5,0.1,0,175.71713145967757,1.3244843322226253e-05,6.064164663151037e-13,1.8164104864377598e-06,6.770869024315511e-09
0.5,0.1,1,176.27833938218214,1.3278881203192042e-05,1.9824166711160894e-12,1.7871745236401784e-06,6.715240715940721e-09
0.5,0.1,2,176.18131051227928,1.3249775509292454e-05,2.657526622482485e-12,1.810152061231578e-06,6.606375812248873e-09
0.5,0.1,3,176.1572333170296,1.3202608391274862e-05,5.302442789609367e-12,1.783651042888573e-06,6.691214648326491e-09
0.5,0.1,4,176.06580735225663,1.3262192001586836e-05,8.557719618138257e-13,1.7948179201649126e-06,6.749590670059739e-09
0.5,0.1,5,175.9866647439706,1.3201340465796368e-05,8.48419590149216e-12,1.8070420716895205e-06,6.642055312506746e-09
0.5,0.1,6,176.1402094733561,1.3266548734727014e-05,2.9585855508340013e-12,1.8115386089089117e-06,6.636650946074149e-09
0.5,0.1,7,175.8268009265353,1.3271370078815202e-05,3.22632283273949e-14,1.81875241660955e-06,6.7441675505166615e-09
0.5,0.1,8,176.66451450786505,1.3331128865397445e-05,3.1236927327330114e-12,1.759891306176796e-06,6.746641494529065e-09
0.5,0.1,9,175.59090522882406,1.3208644732999986e-05,4.8652061558858136e-12,1.8318978689315028e-06,6.6996627421779415e-09
0.5,0.1,10,175.60420046355986,1.3161446451911415e-05,3.273813385283784e-12,1.8128827598817351e-06,6.734234089112473e-09
0.5,0.1,11,176.03482147557662,1.3194936112550143e-05,4.1739371141753297e-13,1.798564154757457e-06,6.6645394852741495e-09
0.5,0.1,12,176.04417380181522,1.3161815040299821e-05,8.203660023539648e-13,1.8091809488049529e-06,6.567403800613619e-09
0.5,0.1,13,175.91071826031697,1.3255324002504138e-05,1.4219858018566877e-13,1.7981422433891551e-06,6.7922054800011e-09
0.5,0.1,14,175.558406088244,1.3144595401933074e-05,3.5127998743990575e-13,1.8187252537181527e-06,6.7072081334790925e-09
0.5,0.1,15,176.20127689906317,1.3226319633901607e-05,6.17220575461395e-14,1.8049283706897312e-06,6.5989120801884025e-09
0.5,0.1,16,176.13023973749884,1.3192193226199184e-05,1.2588729450364823e-12,1.7712417410108532e-06,6.756822641493579e-09
0.5,0.1,17,176.1738356621946,1.3255273385740677e-05,4.27983182160637e-12,1.7769839969580375e-06,6.781050262273911e-09
0.5,0.1,18,175.7118313773005,1.3144312537101325e-05,3.044056934757745e-13,1.8223418855142762e-06,6.623014629816985e-09
0.5,0.1,19,176.49649183192457,1.3154570602206592e-05,1.722186849262334e-12,1.7729322168916675e-06,6.547377172335518e-09
0.5,0.12097275924594193,0,176.52080388015418,1.3254917685909837e-05,1.5203083184347996e-12,1.7718459247448258e-06,6.66052409434796e-09
0.5,0.12097275924594193,1,176.4275862696476,1.3242649369447225e-05,6.993819183234023e-13,1.7822658165474994e-06,6.634479119453652e-09
0.5,0.12097275924594193,2,175.78135780647875,1.3262919430110456e-05,4.715734328541085e-13,1.8054457208313645e-06,6.820040738969204e-09
0.5,0.12097275924594193,3,176.20304315038035,1.3201622803806944e-05,9.384520853828519e-14,1.7961616020514728e-06,6.612905211615507e-09
0.5,0.12097275924594193,4,176.2883772365387,1.3295492055442114e-05,5.38699990600406e-12,1.7654351324312237e-06,6.836300675320622e-09
0.5,0.12097275924594193,5,176.44260007612604,1.3239693373595717e-05,2.0265235784983637e-13,1.7823954711373484e-06,6.624439053936076e-09
0.5,0.12097275924594193,6,175.6970132594739,1.317828856547377e-05,5.891092942713998e-12,1.8081228044817689e-06,6.7359106110088834e-09
0.5,0.12097275924594193,7,176.67418675031055,1.3241102216846033e-05,7.513566200184927e-13,1.7585149002573e-06,6.646561617662159e-09
0.5,0.12097275924594193,8,176.2849606854543,1.3238236513808046e-05,3.7046817915217305e-12,1.7769507731199078e-06,6.713975968563325e-09
0.5,0.12097275924594193,9,176.0076850396595,1.324479919962074e-05,3.075606980091845e-12,1.7961650316838755e-06,6.744876284186938e-09
0.5,0.12097275924594193,10,175.76810502780324,1.3232065080150089e-05,4.0267754880901535e-12,1.8200827121807934e-06,6.711663211113032e-09
0.5,0.12097275924594193,11,175.8119468504015,1.3177311281271014e-05,1.1008501504045133e-12,1.7952098803139295e-06,6.755137585772802e-09
0.5,0.12097275924594193,12,175.94087579235534,1.3194376663691524e-05,3.790696309260798e-12,1.7781525992389165e-06,6.803212243152644e-09
0.5,0.12097275924594193,13,175.5460487733082,1.3145037177910471e-05,1.1469819442245631e-12,1.8115289129690224e-06,6.748370954768014e-09
0.5,0.12097275924594193,14,176.06749333439706,1.3312549380296366e-05,1.0596400883635537e-12,1.794751528382335e-06,6.808849301952108e-09
0.5,0.12097275924594193,15,176.2588756401956,1.3262603373667503e-05,1.7256024727300778e-14,1.7917460966672685e-06,6.683409257979828e-09
0.5,0.12097275924594193,16,175.95107914253137,1.3167620792702659e-05,2.4578798214667363e-12,1.8084842982064024e-06,6.615938598887853e-09
0.5,0.12097275924594193,17,176.37357927224417,1.3323155355555807e-05,1.885864893466091e-12,1.793496764619249e-06,6.694871577896247e-09
0.5,0.12097275924594193,18,175.62598238139816,1.3113035502068876e-05,2.9670450120388128e-12,1.8003318391815091e-06,6.729995870465201e-09
0.5,0.12097275924594193,19,176.30001195131817,1.3199547278358565e-05,8.435424438807723e-13,1.7647609232522213e-06,6.725957119848055e-09
0.5,0.1463440847957663,0,176.30358155729365,1.3194964245546786e-05,2.019408090805939e-12,1.782135117710943e-06,6.630561553981251e-09
0.5,0.1463440847957663,1,176.16963077460136,1.3178390374049572e-05,1.144523266273157e-12,1.7764603175974208e-06,6.697526918795817e-09
0.5,0.1463440847957663,2,176.32974828310134,1.3238260276021328e-05,8.793552457745318e-13,1.7830916246052682e-06,6.666845339139769e-09
0.5,0.1463440847957663,3,175.9971832669201,1.3151980105234996e-05,2.8169795213352204e-12,1.7743468798806174e-06,6.748693600301598e-09
0.5,0.1463440847957663,4,176.39460131862828,1.3258351251703871e-05,2.374880194893444e-12,1.758161348776066e-06,6.786454694858728e-09
0.5,0.1463440847957663,5,175.75510145302098,1.3194286959343561e-05,4.0206301639973727e-13,1.801315328452908e-06,6.7699134520680286e-09
0.5,0.1463440847957663,6,176.25650847208345,1.3263823400339565e-05,3.986532311800232e-13,1.7747856044053586e-06,6.7706538160237445e-09
0.5,0.1463440847957663,7,176.28951067792718,1.3255815843475414e-05,1.2132961078067184e-12,1.7789832947180093e-06,6.725111796876861e-09
0.5,0.1463440847957663,8,176.51183952644337,1.3277840423838115e-05,7.0558676524069536e-12,1.764993627393762e-06,6.7201002895400866e-09
0.5,0.1463440847957663,9,176.34461353971668,1.3268203853212487e-05,2.9664183703127117e-12,1.7708215654657542e-06,6.75531585703459e-09
0.5,0.1463440847957663,10,176.1158842841732,1.3225512087541098e-05,4.4781451346431177e-13,1.7885740429646267e-06,6.716289648889209e-09
0.5,0.1463440847957663,11,176.30656425777792,1.33698813629841e-05,7.378062610837401e-12,1.78339524066601e-06,6.824112274208547e-09
0.5,0.1463440847957663,12,176.40393686936622,1.329468642752509e-05,2.248015020321837e-12,1.7630523829079579e-06,6.800812578914849e-09
0.5,0.1463440847957663,13,176.1742076828747,1.3249937165439571e-05,8.375332390593566e-17,1.7917368741658557e-06,6.704826948743455e-09
0.5,0.1463440847957663,14,176.15861606644853,1.3282230000565044e-05,1.3502265667759555e-12,1.7889967553383064e-06,6.762179763730498e-09
0.5,0.1463440847957663,15,175.8628026062035,1.3241452618498695e-05,3.0455348019170817e-13,1.8094504497322845e-06,6.73930342280321e-09
0.5,0.1463440847957663,16,176.38419580972445,1.3178428622641897e-05,1.7128365244453522e-12,1.7751273629509274e-06,6.612189058275717e-09
0.5,0.1463440847957663,17,175.85347574672483,1.3190551032585506e-05,3.5610329145492636e-14,1.8191072262916492e-06,6.634240218682443e-09
0.5,0.1463440847957663,18,176.0993671704303,1.3271433293104587e-05,2.5559334504407996e-12,1.7775664332513748e-06,6.8310525743685e-09
0.5,0.1463440847957663,19,176.0315739173078,1.3075453941847847e-05,3.844512885250882e-12,1.7936434009002334e-06,6.54500288643353e-09
0.5,0.17703647737065947,0,175.44600587031374,1.3144496459903578e-05,3.1470596949333693e-12,1.8015559198433364e-06,6.838714503927602e-09
0.5,0.17703647737065947,1,176.32968768541343,1.328512808872433e-05,4.262395183768554e-12,1.7616090294413595e-06,6.8266546192712755e-09
0.5,0.17703647737065947,2,176.1370129970198,1.3251305095919282e-05,1.81313909778253e-12,1.7830794416838434e-06,6.764038881809973e-09
0.5,0.17703647737065947,3,176.13372750962847,1.3213993077087173e-05,2.4934942499308688e-12,1.7968259344360013e-06,6.65144602083261e-09
0.5,0.17703647737065947,4,176.13497452792203,1.3237585184282223e-05,2.555394753481649e-12,1.7683883906628997e-06,6.821670957346393e-09
0.5,0.17703647737065947,5,176.51447536851893,1.3280277634670065e-05,2.5883009942314807e-12,1.74204596531658e-06,6.841599251163277e-09
0.5,0.17703647737065947,6,175.81972869894,1.3170386580541337e-05,7.807153939404726e-12,1.7766229464895955e-06,6.830093526928888e-09
0.5,0.17703647737065947,7,175.9117276676736,1.3237900573617301e-05,4.08655836170948e-12,1.7775810023287647e-06,6.8702347108556644e-09
0.5,0.17703647737065947,8,175.751609997491,1.3214206822733879e-05,3.286358845080034e-13,1.8202610935826517e-06,6.70021458886366e-09
0.5,0.17703647737065947,9,175.7168489844568,1.3278820665728318e-05,2.098609938350134e-12,1.8072174922455406e-06,6.856420601217659e-09
0.5,0.17703647737065947,10,176.24337950960322,1.3281191331225935e-05,1.0940088682139367e-12,1.7776426725413137e-06,6.781775418871523e-09
0.5,0.17703647737065947,11,175.57354947552244,1.3177690236623175e-05,4.458018603297802e-12,1.8205604982809482e-06,6.727201811748993e-09
0.5,0.17703647737065947,12,175.78564197541837,1.3211382159960176e-05,2.399863655952144e-12,1.8046796937991089e-06,6.7583449977195185e-09
0.5,0.17703647737065947,13,175.48917273058794,1.31853318678047e-05,8.387571623076492e-13,1.8160714751679853e-06,6.7989280392352705e-09
0.5,0.17703647737065947,14,176.40377810794814,1.3238871098584923e-05,1.3202165837291845e-12,1.7530218536396644e-06,6.786463110819826e-09
0.5,0.17703647737065947,15,176.1404910962366,1.3213488142870013e-05,4.157081640442945e-12,1.7878664597126995e-06,6.691268215936768e-09
0.5,0.17703647737065947,16,175.86603763125206,1.3205844595834127e-05,3.095275807437229e-12,1.7994501245157412e-06,6.7427419451733565e-09
0.5,0.17703647737065947,17,175.33930210474168,1.3144694249529869e-05,1.3787096244271603e-12,1.8149737573936742e-06,6.81919886304275e-09
0.5,0.17703647737065947,18,176.09677242616144,1.3274552816695888e-05,8.273499446784338e-13,1.7861708680958491e-06,6.794413038543447e-09
0.5,0.17703647737065947,19,175.8727772572709,1.3220750084435189e-05,1.8497363064321112e-12,1.8176918153736002e-06,6.667301160118721e-09
0.5,0.21416591154710435,0,175.8614601192792,1.324853042589205e-05,1.5021705941852133e-12,1.7788151631549332e-06,6.900987152936228e-09
0.5,0.21416591154710435,1,176.17517819405572,1.3302040862348304e-05,5.483760464980217e-13,1.7696148195133723e-06,6.876697239968183e-09
0.5,0.21416591154710435,2,175.5909629394155,1.3261340903357737e-05,8.826984636915823e-13,1.8162426264392235e-06,6.845755093422222e-09
0.5,0.21416591154710435,3,176.4703674204236,1.3195773329947588e-05,7.943308001648164e-13,1.7331215739712412e-06,6.8078073929906835e-09
0.5,0.21416591154710435,4,175.34021265157702,1.3161583330912694e-05,6.732130378078355e-13,1.83133954787393e-06,6.757803348929325e-09
0.5,0.21416591154710435,5,176.0396350712338,1.3219854023527822e-05,3.0456062142983284e-12,1.7758305556521118e-06,6.803631205266419e-09
0.5,0.21416591154710435,6,175.86803705979054,1.3301309974069584e-05,1.1843593640603333e-12,1.7674327140063065e-06,7.018726069277652e-09
0.5,0.21416591154710435,7,176.13575478756994,1.3265042258306886e-05,5.481525928607956e-12,1.7621652592583388e-06,6.88221306842488e-09
0.5,0.21416591154710435,8,175.47828988268688,1.3144840291848628e-05,1.2788864387387128e-12,1.7865735907723298e-06,6.902413332154656e-09
0.5,0.21416591154710435,9,175.66597239147626,1.3190570754238235e-05,1.7747909953802136e-15,1.8191500451695794e-06,6.714593482838727e-09
0.5,0.21416591154710435,10,175.30751907211172,1.30769416490205e-05,3.4704683204091384e-12,1.782420652834927e-06,6.9120347542328516e-09
0.5,0.21416591154710435,11,176.1133011422548,1.3202876814837269e-05,9.757997950755186e-13,1.7831235189101692e-06,6.7173606468409615e-09
0.5,0.21416591154710435,12,175.66617153098986,1.3229663425770556e-05,2.7796738811585376e-12,1.7856064895260204e-06,6.927122279854506e-09
0.5,0.21416591154710435,13,176.1939643762944,1.3259857711014046e-05,7.676973166214498e-12,1.7555587622876815e-06,6.882021915536905e-09
0.5,0.21416591154710435,14,175.52574239885433,1.3251082252167954e-05,2.0321942291942646e-12,1.8171103606411449e-06,6.856071241704202e-09
0.5,0.21416591154710435,15,175.92600142822525,1.3171856289790396e-05,4.1689747450603485e-12,1.7734273859075305e-06,6.8060658839679545e-09
0.5,0.21416591154710435,16,176.39652715726226,1.3290426953087913e-05,1.5345717570158705e-12,1.7508107457166821e-06,6.861186434100315e-09
0.5,0.21416591154710435,17,176.17571050917172,1.3199911193365866e-05,4.957693955925676e-12,1.7428620991627935e-06,6.885328088742402e-09
0.5,0.21416591154710435,18,175.98888334993572,1.3228987702451792e-05,1.673712581646735e-12,1.7655055829090358e-06,6.8895348982821425e-09
0.5,0.21416591154710435,19,175.88955623206613,1.3311971281456193e-05,2.040095803715015e-12,1.7734621240389788e-06,6.991003929821471e-09
0.5,0.2590824125627555,0,175.13271125605368,1.3081169110492764e-05,7.746912236088946e-13,1.8129798424862441e-06,6.841303376143427e-09
0.5,0.2590824125627555,1,175.8968230845776,1.3153922206957183e-05,3.848212115201998e-12,1.7828867507860272e-06,6.7499508307773575e-09
0.5,0.2590824125627555,2,175.69630401725306,1.3270340177651776e-05,2.494061123958734e-12,1.7777028832708717e-06,7.002962435896987e-09
0.5,0.2590824125627555,3,175.48556639582023,1.3216959565363432e-05,2.1089031328960074e-12,1.7683942166560497e-06,7.076846965999709e-09
0.5,0.2590824125627555,4,175.58042381660496,1.3175890010115211e-05,2.617152978282809e-13,1.7798397579247378e-06,6.930860442215887e-09
0.5,0.2590824125627555,5,176.0317123602974,1.336414650040269e-05,1.0244752323517011e-12,1.7494119520321052e-06,7.113452833011572e-09
0.5,0.2590824125627555,6,176.08119407428075,1.3239910655581477e-05,2.7128892388222734e-12,1.7447037095364825e-06,6.966314788944853e-09
0.5,0.2590824125627555,7,176.03155295422792,1.3240835514286843e-05,3.753702149571771e-13,1.7467136818883981e-06,6.981018627165984e-09
0.5,0.2590824125627555,8,175.572048963576,1.311251160937029e-05,2.0122286636483083e-12,1.7636507654977263e-06,6.9376280105596185e-09
0.5,0.2590824125627555,9,176.27638952151634,1.3274593652042667e-05,1.7519588615727765e-12,1.7327730057057086e-06,6.9844813137428526e-09
0.5,0.2590824125627555,10,174.91947326456386,1.3185992821831893e-05,3.588694431483945e-12,1.831674024879974e-06,6.964644846590146e-09
0.5,0.2590824125627555,11,175.45823328447966,1.3269007083635568e-05,6.288315589885549e-13,1.7870149287691084e-06,7.059525366439868e-09
0.5,0.2590824125627555,12,176.3205063145687,1.3384863506181314e-05,1.5698745223572642e-12,1.7451827608818826e-06,7.033561692262324e-09
0.5,0.2590824125627555,13,176.35516646538215,1.3371153056936723e-05,4.34786193440263e-12,1.7622942352050698e-06,6.913635416364331e-09
0.5,0.2590824125627555,14,176.0432920582652,1.3241201989196371e-05,3.4729385971848325e-12,1.7602712807631349e-06,6.905170830565259e-09
0.5,0.2590824125627555,15,176.16362124499398,1.3292820637511425e-05,4.981345622889062e-12,1.734817005353845e-06,7.041030519244707e-09
0.5,0.2590824125627555,16,175.57010951760702,1.3204904867735673e-05,4.9336313805299304e-12,1.782102583368021e-06,6.954148224701127e-09
0.5,0.2590824125627555,17,175.7054463485084,1.3260814609303549e-05,3.307635114007043e-15,1.7623256279213569e-06,7.067357921544356e-09
0.5,0.2590824125627555,18,176.0095202336191,1.3347999209762499e-05,1.728458943228079e-12,1.7583120855921286e-06,7.058436354736181e-09
0.5,0.2590824125627555,19,175.69870391568818,1.3210051494920279e-05,1.369645556238319e-12,1.770204857474558e-06,6.968338885817718e-09
0.5,0.31341914319812025,0,176.2017993922238,1.3379601712549034e-05,3.542004008413046e-12,1.691206389770154e-06,7.347858549488719e-09
0.5,0.31341914319812025,1,175.87317125266458,1.3136995758642724e-05,3.767913931869886e-13,1.7016444345683119e-06,7.1514067512899e-09
0.5,0.31341914319812025,2,175.52400734006778,1.312067906138525e-05,7.551097410946197e-14,1.7599426251328093e-06,6.988639526830432e-09
0.5,0.31341914319812025,3,175.07857726114815,1.3328251736049432e-05,1.504781105823508e-12,1.8059431107176879e-06,7.200795222619855e-09
0.5,0.31341914319812025,4,175.54954791714152,1.320009631147995e-05,3.726080470381383e-12,1.7576679849879867e-06,7.081153599494168e-09
0.5,0.31341914319812025,5,176.01419537670614,1.329060451504837e-05,6.513688572648324e-13,1.725464188622904e-06,7.154166401432169e-09
0.5,0.31341914319812025,6,175.73611097774236,1.325878655924128e-05,3.925963942880487e-12,1.7602169043015518e-06,7.05827836535477e-09
0.5,0.31341914319812025,7,176.1536517775352,1.3297377126581233e-05,2.36581065777205e-13,1.7160737123513977e-06,7.149680744420669e-09
0.5,0.31341914319812025,8,175.2367466030466,1.3172255413432542e-05,1.597634971932056e-12,1.7762814380000975e-06,7.090935500108458e-09
0.5,0.31341914319812025,9,175.21083925093404,1.3183100883557094e-05,5.7389631637586585e-12,1.7624593834098068e-06,7.180542248447268e-09
0.5,0.31341914319812025,10,174.63967084004614,1.3129630164538997e-05,2.0876059051731234e-14,1.8179998272924493e-06,7.08877472364789e-09
0.5,0.31341914319812025,11,175.31259782201727,1.3285904962294575e-05,2.297339100528801e-12,1.7751852833882984e-06,7.200915945396749e-09
0.5,0.31341914319812025,12,175.42980234203455,1.3199742613813999e-05,3.2252118551886725e-13,1.7367789451743833e-06,7.2407080949256594e-09
0.5,0.31341914319812025,13,175.37295296619348,1.3430702653189261e-05,1.9209098661582903e-12,1.7596738271456766e-06,7.428371341649479e-09
0.5,0.31341914319812025,14,175.40060756940767,1.312962846928715e-05,4.4107901333991473e-13,1.7362518504058205e-06,7.170961235688865e-09
0.5,0.31341914319812025,15,175.77900958112775,1.323762422342746e-05,3.675129280472185e-12,1.7393857472470915e-06,7.119290314131373e-09
0.5,0.31341914319812025,16,175.82962928138957,1.3394186726924017e-05,1.6796451529196227e-12,1.7570472552748123e-06,7.198114153723577e-09
0.5,0.31341914319812025,17,175.88977571646964,1.3297248859362454e-05,1.1599109945219423e-12,1.7441036806725492e-06,7.121673126720266e-09
0.5,0.31341914319812025,18,176.41558067079472,1.3344659414310166e-05,3.893800426889023e-12,1.7041549010906424e-06,7.148802294745259e-09
0.5,0.31341914319812025,19,175.2260263027647,1.3179260160599876e-05,1.343172019775162e-12,1.76683652775661e-06,7.151774536933598e-09
0.5,0.379151785531756,0,175.515509225856,1.3333228712176731e-05,2.424844783187145e-12,1.7187424903162507e-06,7.453281062769679e-09
0.5,0.379151785531756,1,175.4270011173029,1.329308886892559e-05,1.5910316351587564e-13,1.7061098897192994e-06,7.509028309987531e-09
0.5,0.379151785531756,2,175.46237875601233,1.324221896106617e-05,3.3011191175375354e-12,1.7172190624231871e-06,7.3732028643231834e-09
0.5,0.379151785531756,3,175.31557665258447,1.3288614032802327e-05,2.6511272590174366e-12,1.7275152037414755e-06,7.441976712146703e-09
0.5,0.379151785531756,4,175.50950685362747,1.3312720428100823e-05,1.0531352859056043e-12,1.7441650551875642e-06,7.304848757613627e-09
0.5,0.379151785531756,5,175.13543985915894,1.3198798681968946e-05,6.1353141516510545e-12,1.7395481579997408e-06,7.3469246600680945e-09
0.5,0.379151785531756,6,174.63461814161872,1.32227335192217e-05,2.978360814580819e-12,1.7673498274674578e-06,7.457370417481543e-09
0.5,0.379151785531756,7,173.83088139758738,1.306999488652697e-05,8.765561853605251e-13,1.837644340453176e-06,7.2656851025566325e-09
0.5,0.379151785531756,8,174.56825538769976,1.3214984432206463e-05,3.6104888695501077e-12,1.7956286517601298e-06,7.334050161073448e-09
0.5,0.379151785531756,9,175.1862651498562,1.3272060121645214e-05,3.0378008229128124e-12,1.7271565736039358e-06,7.47949257743063e-09
0.5,0.379151785531756,10,175.65312889696716,1.3305432348001664e-05,2.0744699232305154e-12,1.7061982046604866e-06,7.423379483841326e-09
0.5,0.379151785531756,11,175.50367429942088,1.3245038631751992e-05,2.2340799230285863e-12,1.721726617259449e-06,7.33719036527528e-09
0.5,0.379151785531756,12,175.10429596788208,1.3249640071053864e-05,1.2629507403890533e-12,1.7549844710812015e-06,7.34982941086874e-09
0.5,0.379151785531756,13,176.1682244258079,1.3333904848504817e-05,1.606387035974502e-12,1.7137392144098097e-06,7.197027758986485e-09
0.5,0.379151785531756,14,174.44373872403443,1.307371294853437e-05,2.328715440204751e-12,1.784387406405728e-06,7.270705170540307e-09
0.5,0.379151785531756,15,175.4525211400735,1.3193608480284798e-05,6.470295089201784e-13,1.7297572365809e-06,7.258430918163611e-09
0.5,0.379151785531756,16,175.52051967730173,1.3380511137102115e-05,3.02289823976888e-13,1.7370171274410378e-06,7.418520548576102e-09
0.5,0.379151785531756,17,175.23342704019265,1.3353777612411985e-05,4.3764385409959685e-14,1.7294644020553015e-06,7.549808083813174e-09
0.5,0.379151785531756,18,175.07144083778394,1.3284930761245543e-05,5.5532599629061575e-12,1.7468926475771054e-06,7.443506329077716e-09
0.5,0.379151785531756,19,173.92722340221778,1.2937720571806126e-05,2.490936618590463e-14,1.8140829492535701e-06,7.176500023042121e-09
0.5,0.45867037668802124,0,173.60285765963945,1.323053540832477e-05,1.2189865679310531e-12,1.770385425080928e-06,7.906299628262043e-09
0.5,0.45867037668802124,1,174.95949249303777,1.3446579188181526e-05,1.9393802753892732e-12,1.694834276405511e-06,7.955441564128639e-09
0.5,0.45867037668802124,2,175.18159901099338,1.3331943102958924e-05,1.3494957403482476e-12,1.6814659689742778e-06,7.785628397517156e-09
0.5,0.45867037668802124,3,173.984926891004,1.3241958283106083e-05,3.0730058185452755e-12,1.763673675671348e-06,7.784205475866243e-09
0.5,0.45867037668802124,4,175.7095005907526,1.3368947775914244e-05,1.9026270179196335e-12,1.6717676619395765e-06,7.648286033935507e-09
0.5,0.45867037668802124,5,175.1836288928635,1.3343246629374649e-05,1.1935304500012397e-12,1.7081111589821318e-06,7.664834359751567e-09
0.5,0.45867037668802124,6,174.55182768690403,1.3177220273551602e-05,2.7740299046654925e-12,1.729463419776906e-06,7.62761874312396e-09
0.5,0.45867037668802124,7,173.91429905647098,1.3155448417218518e-05,2.0688863215986325e-12,1.7763385122617372e-06,7.643742691812996e-09
0.5,0.45867037668802124,8,174.61049795549042,1.3198021477323322e-05,4.207355010097346e-12,1.7339706608535654e-06,7.603743236237645e-09
0.5,0.45867037668802124,9,174.85746714084922,1.327906505387304e-05,1.2717124170233088e-12,1.7287128722351367e-06,7.62531306821636e-09
0.5,0.45867037668802124,10,174.60507536334296,1.3384551316332987e-05,2.580264919934224e-12,1.7421558533328207e-06,7.797282095615914e-09
0.5,0.45867037668802124,11,174.70128499770348,1.32482695297783e-05,6.764297028328033e-13,1.6866226527159325e-06,7.867607746639797e-09
0.5,0.45867037668802124,12,174.97972150503873,1.337299188745763e-05,2.203554649009865e-12,1.7027497769334012e-06,7.816399792047003e-09
0.5,0.45867037668802124,13,174.84879580733838,1.3394007490584666e-05,1.0055535141707251e-11,1.7048824731282575e-06,7.881127411895253e-09
0.5,0.45867037668802124,14,174.26053314449373,1.3103878910678616e-05,1.0347102169368955e-12,1.7068895833285242e-06,7.778129624597943e-09
0.5,0.45867037668802124,15,173.99797980986708,1.3105242996156162e-05,2.4195617923089515e-12,1.758345228286596e-06,7.634092412272684e-09
0.5,0.45867037668802124,16,174.4794594350325,1.3138014224907197e-05,5.910698702812051e-13,1.7183168002207566e-06,7.668664578757644e-09
0.5,0.45867037668802124,17,174.6885546774577,1.31643589525011e-05,2.4268470194392277e-13,1.7105915486316494e-06,7.649700005207647e-09
0.5,0.45867037668802124,18,174.91899082196323,1.3288352369853191e-05,1.20967936592141e-12,1.6938544084203687e-06,7.784985292421482e-09
0.5,0.45867037668802124,19,175.07620551997533,1.347353886431907e-05,1.303252370066125e-12,1.7099281361031156e-06,7.86167721605202e-09
0.5,0.5548662105232549,0,174.15854521888375,1.3198573074916536e-05,7.313818170206867e-13,1.6643397277528815e-06,8.154916245072644e-09
0.5,0.5548662105232549,1,173.33741054964992,1.3185532918444559e-05,4.189902552752474e-12,1.722136955330147e-06,8.205436968257478e-09
0.5,0.5548662105232549,2,175.1633891204729,1.3434437398222116e-05,5.730977574621353e-13,1.588750902605111e-06,8.384898521867733e-09
0.5,0.5548662105232549,3,173.46160245973797,1.320863167367483e-05,6.00961623624782e-12,1.7156172541889335e-06,8.211022129871441e-09
0.5,0.5548662105232549,4,173.49758237236168,1.3180191370390498e-05,3.020097241127999e-12,1.7260060124772428e-06,8.109771358132833e-09
0.5,0.5548662105232549,5,173.64367680977077,1.3128934032031192e-05,4.000735030397809e-12,1.7205874458022137e-06,8.00671338189014e-09
0.5,0.5548662105232549,6,173.45518468438564,1.3091189479330144e-05,6.772958016255893e-12,1.7199511057931416e-06,8.041617406742265e-09
0.5,0.5548662105232549,7,173.74840076022966,1.309005547630517e-05,5.7926904811541695e-12,1.679150511632151e-06,8.118024940524455e-09
0.5,0.5548662105232549,8,174.37983435235043,1.3370078746247566e-05,1.6101850207295595e-12,1.6686597699350395e-06,8.248964219366353e-09
0.5,0.5548662105232549,9,173.8952831757747,1.3227923093688705e-05,5.8784158282406666e-12,1.6751961443014815e-06,8.24752640039445e-09
0.5,0.5548662105232549,10,175.12795480616825,1.3410930445644026e-05,6.010122786480042e-13,1.587260780305388e-06,8.37929596936783e-09
0.5,0.5548662105232549,11,174.32236336519847,1.3208769579009178e-05,4.736591047813253e-12,1.6565295262644108e-06,8.131178397841766e-09
0.5,0.5548662105232549,12,174.64841289663968,1.3233148278261579e-05,1.3118779484583558e-12,1.608739593836811e-06,8.262543018605983e-09
0.5,0.5548662105232549,13,174.13777636100576,1.3371349573521498e-05,3.680036759226697e-12,1.6886883384961128e-06,8.255030193766646e-09
0.5,0.5548662105232549,14,173.25869306117568,1.3231610392613767e-05,1.5157180383430311e-12,1.7167976782396496e-06,8.328748744354363e-09
0.5,0.5548662105232549,15,175.02838549653174,1.3268376502095386e-05,1.295688932618105e-12,1.6060100517980625e-06,8.153938463446761e-09
0.5,0.5548662105232549,16,173.74111550273034,1.3172701709092386e-05,1.1775921936717905e-12,1.701514357866702e-06,8.118103385243545e-09
0.5,0.5548662105232549,17,172.8228120018626,1.3077933862310822e-05,7.655563365845176e-15,1.7222783824859502e-06,8.297300338075535e-09
0.5,0.5548662105232549,18,174.92066666733334,1.329978705844891e-05,1.9762448755512574e-12,1.6426932216361506e-06,8.054456852000286e-09
0.5,0.5548662105232549,19,173.74178334188792,1.3426072699335075e-05,2.058775219193087e-12,1.7197783601439008e-06,8.345727041208485e-09
0.5,0.6712369649933785,0,172.88429900727994,1.3327534425162647e-05,1.1494401583256156e-12,1.635338139019102e-06,9.028664077325285e-09
0.5,0.6712369649933785,1,173.41202052775935,1.3637691100827623e-05,4.8158966805267215e-14,1.6160162055566977e-06,9.286750790695094e-09
0.5,0.6712369649933785,2,173.35377751979158,1.3355079962148173e-05,2.226973559885466e-12,1.6176675901603448e-06,8.941600105088966e-09
0.5,0.6712369649933785,3,172.8147627455756,1.3238477495787865e-05,4.895313178835486e-12,1.617353615406941e-06,9.030959865148975e-09
0.5,0.6712369649933785,4,172.1133705349517,1.2859928428727897e-05,2.3077082768196795e-13,1.6617557597983898e-06,8.626943552069496e-09
0.5,0.6712369649933785,5,173.41714625077478,1.332842603612378e-05,1.3657060112049424e-11,1.6038136162298952e-06,8.937345706746426e-09
0.5,0.6712369649933785,6,171.5379389694923,1.2998780511483363e-05,8.967413307489711e-13,1.7142654931585217e-06,8.800542324852384e-09
0.5,0.6712369649933785,7,173.328408973257,1.336097845448458e-05,8.504591678505942e-12,1.631701239459586e-06,8.883660752893367e-09
0.5,0.6712369649933785,8,172.91862872224985,1.3225683719557207e-05,5.104164704809911e-13,1.639266673244741e-06,8.86253697974762e-09
0.5,0.6712369649933785,9,174.0843994366688,1.3577046879749403e-05,4.695747150145404e-13,1.557029948586119e-06,9.201116941708377e-09
0.5,0.6712369649933785,10,172.94108136132746,1.3110244473865558e-05,1.8635476838797293e-12,1.6486020215257523e-06,8.655149161685748e-09
0.5,0.6712369649933785,11,172.43882129278904,1.3271941176435216e-05,1.4140129024073618e-12,1.7038933377361538e-06,8.811559416086514e-09
0.5,0.6712369649933785,12,173.1486861084192,1.351840659613009e-05,2.85982202360081e-12,1.629838515727491e-06,9.181450681276358e-09
0.5,0.6712369649933785,13,172.03076392749094,1.329165731036056e-05,7.169064391615862e-12,1.7049091675013955e-06,9.01029267654304e-09
0.5,0.6712369649933785,14,172.88590880448461,1.328823805432184e-05,1.879481595702734e-13,1.6586525875147008e-06,8.860988627579863e-09
0.5,0.6712369649933785,15,173.17290499352612,1.333359736969066e-05,5.307773657519899e-12,1.6145049384082348e-06,9.007694209685203e-09
0.5,0.6712369649933785,16,173.72864332657076,1.3643833568972412e-05,5.9793571534464234e-12,1.5735994399334363e-06,9.35742746355574e-09
0.5,0.6712369649933785,17,172.7065979176794,1.3271380313183166e-05,3.3912116648157432e-12,1.6473166352025978e-06,8.972996344063977e-09
0.5,0.6712369649933785,18,172.82230564070792,1.3329453510720743e-05,1.6081442736217593e-12,1.6247244350501347e-06,9.111798587264128e-09
0.5,0.6712369649933785,19,173.43698907814374,1.3439317483268922e-05,6.6586243437299785e-12,1.6078461359786822e-06,9.056714455596441e-09
0.5,0.8120138776312074,0,171.78453296057862,1.370264205294504e-05,1.5035589555270875e-12,1.5640604096362825e-06,1.0381844791718178e-08
0.5,0.8120138776312074,1,171.73954642460052,1.3638862635984968e-05,2.3398456528059044e-12,1.5792518151330162e-06,1.0240714388444764e-08
0.5,0.8120138776312074,2,170.57822688505303,1.326412256088082e-05,4.849221773006089e-12,1.642400551951742e-06,9.950356070450449e-09
0.5,0.8120138776312074,3,171.50522612616095,1.3682163084102821e-05,9.754125816082358e-12,1.5527184962396118e-06,1.0533650085918699e-08
0.5,0.8120138776312074,4,171.79913352804382,1.3729690316982256e-05,1.8148345377065658e-12,1.5544289326735583e-06,1.0459076545141484e-08
0.5,0.8120138776312074,5,172.2552512718551,1.3650754017914526e-05,6.586894159879305e-13,1.5258954065078057e-06,1.0286976941540258e-08
0.5,0.8120138776312074,6,171.30290167096302,1.3369342403532125e-05,5.258510586242755e-12,1.574120293278495e-06,1.0103902518029609e-08
0.5,0.8120138776312074,7,171.4864022331,1.3458670578087996e-05,1.5200912287835786e-12,1.5332422786555612e-06,1.0348832635552972e-08
0.5,0.8120138776312074,8,171.26590760849513,1.319607982352583e-05,2.1337008881511775e-12,1.5371369604830918e-06,1.0076070409692963e-08
0.5,0.8120138776312074,9,170.7138168771992,1.3325536695705497e-05,2.7607290660656323e-12,1.607747817853284e-06,1.0148411013453399e-08
0.5,0.8120138776312074,10,170.4175260302916,1.3158323119037986e-05,1.7073241082459226e-12,1.6325924404533707e-06,9.930734031029463e-09
0.5,0.8120138776312074,11,170.92677146427246,1.3423389601804655e-05,1.6184444005619439e-12,1.5799245180589248e-06,1.0324647914813609e-08
0.5,0.8120138776312074,12,170.7436720405207,1.331080518399519e-05,4.109454340782157e-12,1.6332712028430377e-06,9.984995992238229e-09
0.5,0.8120138776312074,13,170.94828397624832,1.3422783410570713e-05,1.0534899854872949e-12,1.6405225557094405e-06,1.0010101771823415e-08
0.5,0.8120138776312074,14,171.1688025155169,1.3877879779774749e-05,3.386192648213617e-12,1.6026443842308952e-06,1.0711608881399704e-08
0.5,0.8120138776312074,15,170.80371266314384,1.336050291828091e-05,3.5372119111673784e-12,1.5767278657483378e-06,1.0309834084760163e-08
0.5,0.8120138776312074,16,171.07459702990218,1.3403601146656598e-05,1.4973399806552902e-12,1.607922933111653e-06,1.0089090988788855e-08
0.5,0.8120138776312074,17,171.10868166415918,1.3279237708648986e-05,4.8481025941824216e-12,1.6011796638553566e-06,9.935466615684508e-09
0.5,0.8120138776312074,18,171.17015413163068,1.3739275714481612e-05,3.840632600338463e-12,1.6079776973798905e-06,1.0496316910993838e-08
0.5,0.8120138776312074,19,170.9465455077702,1.3509809475562923e-05,3.1633939565858906e-12,1.5971243096122635e-06,1.0345070553219572e-08
0.5,0.9823155932304379,0,168.91394625797113,1.3754161168417795e-05,6.797513314114416e-12,1.4721891799573159e-06,1.2274693272568619e-08
0.5,0.9823155932304379,1,167.86595568445262,1.3483099734564126e-05,6.441378557138296e-12,1.5577589296450788e-06,1.195859340862611e-08
0.5,0.9823155932304379,2,168.6242652300478,1.3276639461746378e-05,1.7454285549810386e-12,1.5590546922025264e-06,1.129617125375716e-08
0.5,0.9823155932304379,3,168.4870936657255,1.3115596251088265e-05,4.760995463081901e-12,1.4697590887663515e-06,1.1573265685869046e-08
0.5,0.9823155932304379,4,169.84017865218777,1.3667991101262139e-05,8.52892929905246e-12,1.4806324917093616e-06,1.1663550742870205e-08
0.5,0.9823155932304379,5,169.02167695515303,1.4098807131898673e-05,5.302180849117917e-12,1.5194410198171145e-06,1.2478407365611278e-08
0.5,0.9823155932304379,6,167.07458700501778,1.3597682548361333e-05,3.670873796145202e-12,1.6815015953034886e-06,1.1893853888186986e-08
0.5,0.9823155932304379,7,168.14794685041335,1.3739696667090785e-05,9.872333708802017e-13,1.5906706654068948e-06,1.2037391057965723e-08
0.5,0.9823155932304379,8,168.50564024707901,1.3533438818442824e-05,2.207459331873565e-12,1.5290446152334468e-06,1.1873229143477566e-08
0.5,0.9823155932304379,9,168.33276770646677,1.3540006954015898e-05,1.9423671104224413e-12,1.540284070888503e-06,1.1909513609633022e-08
0.5,0.9823155932304379,10,166.51152788054858,1.3106856156963294e-05,5.5890209978722545e-12,1.6359023069116465e-06,1.1653375622300029e-08
0.5,0.9823155932304379,11,167.98945430981797,1.3436384473511857e-05,4.143030364562021e-12,1.59328710323954e-06,1.1654736552106899e-08
0.5,0.9823155932304379,12,167.07042416030703,1.3489494119133426e-05,9.042756959267068e-12,1.6573435806527015e-06,1.1849938211636918e-08
0.5,0.9823155932304379,13,167.50833005425525,1.3441003958048066e-05,4.30159313072254e-12,1.6114518628395153e-06,1.180118201300062e-08
0.5,0.9823155932304379,14,168.93643651779948,1.3672855339040161e-05,8.645206971504164e-12,1.5063798417264833e-06,1.1973959680311759e-08
0.5,0.9823155932304379,15,168.9658586221261,1.3898641804872595e-05,4.72581038956462e-12,1.540410389929074e-06,1.2115400249543567e-08
0.5,0.9823155932304379,16,168.31889828946572,1.306202265964772e-05,2.4978760141292077e-12,1.5411746927149996e-06,1.1217311129471681e-08
0.5,0.9823155932304379,17,168.17358478924848,1.3533506831595441e-05,7.87167859288856e-12,1.5067725520158792e-06,1.2138928605782357e-08
0.5,0.9823155932304379,18,167.58420881523756,1.3648599292043181e-05,9.203017649514642e-12,1.608632737662381e-06,1.2080644928803256e-08
0.5,0.9823155932304379,19,168.53704434632849,1.40178148995546e-05,2.835074177508068e-12,1.6077541644068336e-06,1.2161583615644382e-08
0.5,1.1883342776340036,0,165.055486066443,1.4084703015195457e-05,2.744534784690582e-12,1.4518210090795854e-06,1.481394646532166e-08
0.5,1.1883342776340036,1,164.19323287099277,1.4088287933120815e-05,1.1078424386203802e-12,1.5011782820561432e-06,1.502404591890012e-08
0.5,1.1883342776340036,2,162.3351666959599,1.3121512205770435e-05,2.547016237530383e-12,1.5679829739831922e-06,1.4058333256770413e-08
0.5,1.1883342776340036,3,163.83972308427846,1.4259996884455694e-05,4.268504660808381e-12,1.534040957099251e-06,1.5319236606305395e-08
0.5,1.1883342776340036,4,163.88490780298125,1.382709912982053e-05,1.2466961603109004e-12,1.4635718592212665e-06,1.495375243012327e-08
0.5,1.1883342776340036,5,165.1002360806258,1.4457182555652712e-05,5.7035212734184305e-12,1.398869118205944e-06,1.5637717933612595e-08
0.5,1.1883342776340036,6,163.7102738650814,1.369699212554326e-05,2.8334590683536306e-12,1.572182284030165e-06,1.4286394448814447e-08
0.5,1.1883342776340036,7,164.06186078344288,1.3630892665367145e-05,5.5484321840403854e-12,1.5165833776111012e-06,1.4276420277163793e-08
0.5,1.1883342776340036,8,163.69197897679655,1.3942372143343546e-05,6.830427125869667e-12,1.5303639439164123e-06,1.4899420236640068e-08
0.5,1.1883342776340036,9,164.6955353783563,1.3792396774679155e-05,4.8063435205247985e-12,1.5209751525095297e-06,1.4189337773626492e-08
0.5,1.1883342776340036,10,164.35065057380075,1.3914138283644094e-05,1.2612833088564757e-12,1.4537019170610355e-06,1.4901795417516454e-08
0.5,1.1883342776340036,11,163.61849350862218,1.3899128657064647e-05,4.420357598091684e-12,1.5586673359739854e-06,1.4727968232091234e-08
0.5,1.1883342776340036,12,164.13040733777999,1.385457624728691e-05,1.5138100750582795e-12,1.4492973207343427e-06,1.4942354682621043e-08
0.5,1.1883342776340036,13,164.6297832572168,1.3700433800304974e-05,6.166693743131816e-12,1.455363440234797e-06,1.4405335886333522e-08
0.5,1.1883342776340036,14,164.13556091139824,1.421028487732828e-05,6.259374933156212e-12,1.5272665511042612e-06,1.511378217876958e-08
0.5,1.1883342776340036,15,164.44385219661245,1.378737851635693e-05,3.711770568520179e-12,1.4288968725799218e-06,1.477380406243336e-08
0.5,1.1883342776340036,16,163.468118569685,1.405511686943741e-05,8.075591738999208e-12,1.5180254994675126e-06,1.5261065885139723e-08
0.5,1.1883342776340036,17,164.22346406307057,1.3598629365417742e-05,4.5613425509646795e-12,1.494960674541204e-06,1.4252169409447538e-08
0.5,1.1883342776340036,18,164.90195761791543,1.3966073714977607e-05,1.0403600639135333e-11,1.4208719977046537e-06,1.4854667852819786e-08
0.5,1.1883342776340036,19,164.10309234321986,1.289440317280567e-05,2.5790472094968533e-12,1.422440934172241e-06,1.3549168692766508e-08
0.5,1.4375607647191868,0,157.9563842697226,1.3529426949991775e-05,7.41496826362662e-12,1.5498806517387946e-06,1.7149419819098143e-08
0.5,1.4375607647191868,1,158.6947292463969,1.540776299328257e-05,5.293043345516971e-12,1.395045034604954e-06,2.0935579202350465e-08
0.5,1.4375607647191868,2,158.4896097799308,1.493871878872982e-05,1.0271536693460012e-11,1.4646732786101015e-06,1.9852565898333497e-08
0.5,1.4375607647191868,3,159.19607443772057,1.4105154843293633e-05,1.4414746465204082e-12,1.388098405301987e-06,1.8330148765581723e-08
0.5,1.4375607647191868,4,157.2709469385595,1.415155089668194e-05,6.7727349812969455e-12,1.4991383819313896e-06,1.89444265098336e-08
0.5,1.4375607647191868,5,158.93559583304852,1.4813183143152933e-05,6.494769411713595e-12,1.4044761062965128e-06,1.9666264821127613e-08
0.5,1.4375607647191868,6,157.60550191955974,1.3950763678823404e-05,3.082996405896877e-12,1.488784082843415e-06,1.843509975486635e-08
0.5,1.4375607647191868,7,157.88641188439982,1.388205240673681e-05,1.0407465266391503e-11,1.511109369055917e-06,1.80303622291075e-08
0.5,1.4375607647191868,8,158.96385439260445,1.4699708701143085e-05,2.1270195229602406e-12,1.3986094662579108e-06,1.9478873941574766e-08
0.5,1.4375607647191868,9,157.96223985439772,1.4277590465037776e-05,1.3068757604561205e-11,1.4412458307207694e-06,1.9065214548404458e-08
0.5,1.4375607647191868,10,157.73290331475854,1.4663823010618357e-05,1.1790669916597586e-12,1.3985831979962318e-06,2.0139129755050748e-08
0.5,1.4375607647191868,11,157.29162289337688,1.4717769400522741e-05,5.6411012907564305e-12,1.5721920548494725e-06,1.96258052959272e-08
0.5,1.4375607647191868,12,158.47794378704714,1.4379785381594809e-05,6.039690966084939e-12,1.3972451180849234e-06,1.918379522451416e-08
0.5,1.4375607647191868,13,158.45442081550087,1.4274084163480717e-05,2.8125686694848262e-12,1.466440065807536e-06,1.8660317794492316e-08
0.5,1.4375607647191868,14,157.8564504627925,1.3960589195442305e-05,1.0477601860939973e-11,1.442798755239936e-06,1.8535266014244536e-08
0.5,1.4375607647191868,15,157.30521209428943,1.3765179607845069e-05,6.483317174160413e-12,1.528567015732763e-06,1.805475013910075e-08
0.5,1.4375607647191868,16,157.30335751003466,1.411118605334158e-05,8.483406318475339e-12,1.5041519536077587e-06,1.8823400532476586e-08
0.5,1.4375607647191868,17,158.85670316285592,1.4231471662663097e-05,9.182973519508383e-12,1.4186526013748514e-06,1.8587505820726782e-08
0.5,1.4375607647191868,18,158.14229194651077,1.4370426770143897e-05,5.104726191397922e-12,1.5057061924715528e-06,1.8816450313797066e-08
0.5,1.4375607647191868,19,156.86550111576966,1.3583283886530386e-05,5.711451113751791e-12,1.4899334362803474e-06,1.8152838448519515e-08
0.5,1.739056922917864,0,148.04082287371878,1.5093184177056079e-05,1.1428235680011777e-11,1.4836151707459083e-06,2.6796304940956227e-08
0.5,1.739056922917864,1,149.7610594668125,1.498415302047611e-05,5.023977985829254e-12,1.4803445174832256e-06,2.540265436611261e-08
0.5,1.739056922917864,2,148.8023959777618,1.4786939545783383e-05,1.6080426854254778e-11,1.4123920906796816e-06,2.5940183886049768e-08
0.5,1.739056922917864,3,146.83753519157878,1.4685990091117559e-05,1.0533627291448242e-11,1.599537400671599e-06,2.6108124244641145e-08
0.5,1.739056922917864,4,147.63493531777925,1.5390911082928197e-05,8.351636127251772e-12,1.458090856634267e-06,2.789080303279472e-08
0.5,1.739056922917864,5,146.9731662615153,1.5023678235655438e-05,7.2662614350786875e-12,1.4739599305300545e-06,2.743249964599212e-08
0.5,1.739056922917864,6,150.62380316877002,1.4766883526767407e-05,5.332368751852239e-12,1.3685692698962171e-06,2.491962626927439e-08
0.5,1.739056922917864,7,147.43004015883585,1.4957425913283031e-05,3.785549940049951e-12,1.5704552291153173e-06,2.6480585877493348e-08
0.5,1.739056922917864,8,150.51133748835977,1.5818407659361786e-05,6.141638551249662e-12,1.2938075719025196e-06,2.7637548317902004e-08
0.5,1.739056922917864,9,149.14207725965957,1.5280429251820032e-05,2.2529488497168316e-11,1.4064920393942231e-06,2.68311561207487e-08
0.5,1.739056922917864,10,148.18199618802532,1.4550422150020112e-05,3.410250187315014e-12,1.5338969208361434e-06,2.522569636078698e-08
0.5,1.739056922917864,11,150.19003568847157,1.5264828098523267e-05,8.622592839613176e-12,1.3211840170925319e-06,2.6520881620723053e-08
0.5,1.739056922917864,12,149.0193802032586,1.4631776465886609e-05,1.525323512943784e-11,1.4479172958553755e-06,2.5271815562801e-08
0.5,1.739056922917864,13,150.56731253528736,1.5563788376259586e-05,5.2226703658676565e-12,1.2755906155938574e-06,2.7141754263757374e-08
0.5,1.739056922917864,14,148.00573716671437,1.4797924285474628e-05,5.405832711033063e-13,1.4644379181189645e-06,2.6257252487176283e-08
0.5,1.739056922917864,15,149.0468812424923,1.492548060766469e-05,1.0177997233872007e-11,1.4957762537473891e-06,2.567153195628516e-08
0.5,1.739056922917864,16,147.6696751903852,1.5250552144884953e-05,1.0208418700063532e-11,1.5315310390294023e-06,2.717442087765302e-08
0.5,1.739056922917864,17,149.55098033449468,1.5048356963213492e-05,1.429014212603471e-12,1.4793761304013136e-06,2.5693812476138625e-08
0.5,1.739056922917864,18,149.20118574438865,1.4845035956986664e-05,8.044223879971666e-12,1.4895329540491275e-06,2.5422553668629215e-08
0.5,1.739056922917864,19,147.47701250872393,1.5223075767409124e-05,6.2892487341469545e-12,1.4638432291987434e-06,2.759092008166877e-08
0.5,2.103785144511313,0,137.0564135254645,1.738699336943048e-05,1.1404145158869178e-11,1.3254332665738646e-06,4.2262253922189575e-08
0.5,2.103785144511313,1,136.4760788005133,1.5899926967222424e-05,9.062907773920233e-12,1.4237453419711369e-06,3.8081929182629605e-08
0.5,2.103785144511313,2,134.2560389488202,1.549750647136151e-05,9.401052482173327e-12,1.671154346822675e-06,3.7581996407256416e-08
0.5,2.103785144511313,3,135.42376170369872,1.6045700080693774e-05,1.0889293620041798e-11,1.6809277068163799e-06,3.8121794647409195e-08
0.5,2.103785144511313,4,137.1091819757753,1.666458060320621e-05,1.8323302019905747e-11,1.590458114196718e-06,3.8844097155665467e-08
0.5,2.103785144511313,5,137.88614099219794,1.67330014227049e-05,8.94671762764029e-12,1.414540781836268e-06,3.9237978652493444e-08
0.5,2.103785144511313,6,137.34726957927714,1.7712607323694105e-05,6.678069282214575e-12,1.4356453928485764e-06,4.235462707129344e-08
0.5,2.103785144511313,7,136.20231301069896,1.557718147051844e-05,8.37746188650745e-12,1.5647789234974463e-06,3.6686604892543745e-08
0.5,2.103785144511313,8,136.35511690441388,1.7104866447432093e-05,2.2461492799876357e-11,1.4448567013596191e-06,4.1502767341061025e-08
0.5,2.103785144511313,9,137.42830673078018,1.5144901192109741e-05,5.4511573181705275e-12,1.6391378441590573e-06,3.4082223279235345e-08
0.5,2.103785144511313,10,136.25338428663886,1.7081511496716047e-05,1.537951099439428e-11,1.359458402000429e-06,4.196625353098858e-08
0.5,2.103785144511313,11,137.05386896581382,1.563732569765053e-05,8.724127891001802e-12,1.4854904573465072e-06,3.6539230000308956e-08
0.5,2.103785144511313,12,138.62404775631984,1.4890345209420362e-05,2.7581821144626473e-11,1.3985909421215763e-06,3.3617038999546386e-08
0.5,2.103785144511313,13,137.82280265724103,1.586106129278443e-05,9.408526857709196e-12,1.3838102550246944e-06,3.702967714197237e-08
0.5,2.103785144511313,14,136.27043590129873,1.704610821037692e-05,1.6457085451071377e-11,1.3950008142497752e-06,4.1669749892302886e-08
0.5,2.103785144511313,15,137.39078250178522,1.6428335531661858e-05,5.1266457735890635e-12,1.4651079026054378e-06,3.857585036783394e-08
0.5,2.103785144511313,16,136.36386967878246,1.7664208857029333e-05,1.894271200655086e-11,1.3384378438480567e-06,4.362766106136019e-08
0.5,2.103785144511313,17,137.10546012716372,1.5088080188386616e-05,1.723935632775604e-11,1.4921107569086158e-06,3.4909981752593866e-08
0.5,2.103785144511313,18,138.58223220055348,1.533109690117524e-05,2.106309943559155e-11,1.4613276438127322e-06,3.4545848600340784e-08
0.5,2.103785144511313,19,137.82756506349082,1.696236135380053e-05,1.4709498409758196e-11,1.3656869124306873e-06,4.016546278059305e-08
0.5,2.5450069379215616,0,119.68823732610416,1.879407772566695e-05,2.0441014038030223e-11,1.511765361850539e-06,6.528571925284784e-08
0.5,2.5450069379215616,1,119.88262680541958,1.8482527179815657e-05,2.5460539562146186e-11,1.4420956245204492e-06,6.417036117139289e-08
0.5,2.5450069379215616,2,121.2216265195137,1.887646211878608e-05,1.9310265557380557e-11,1.3577800619573284e-06,6.4373806293426e-08
0.5,2.5450069379215616,3,125.10563403650357,1.846018737517642e-05,2.299405941148427e-11,1.4432271456023636e-06,5.761659800567016e-08
0.5,2.5450069379215616,4,123.05067583419819,1.8335093883526766e-05,1.4109162956230546e-11,1.451016129268431e-06,5.96077370799473e-08
0.5,2.5450069379215616,5,123.31009108883927,1.8451067895677612e-05,2.6012460907934505e-11,1.2833591514703858e-06,6.054386267634116e-08
0.5,2.5450069379215616,6,121.47878959445939,1.8575582838940563e-05,9.153020477637973e-12,1.5677651412650202e-06,6.186809115972284e-08
0.5,2.5450069379215616,7,124.36279089995621,1.616426460843526e-05,1.509185579575178e-11,1.6412697571945136e-06,4.933560682761901e-08
0.5,2.5450069379215616,8,121.99048424134014,1.8493917141953333e-05,4.186766526240484e-11,1.4639020791429884e-06,6.140809843095268e-08
0.5,2.5450069379215616,9,123.6240397262662,1.8643963581440314e-05,1.1191989963735178e-11,1.4710401749903617e-06,5.993065276147896e-08
0.5,2.5450069379215616,10,120.77825492158429,1.863445060398899e-05,2.121063789752989e-11,1.3858406261434284e-06,6.388537634809345e-08
0.5,2.5450069379215616,11,121.72502762329859,1.8920354838216083e-05,2.2026114261769098e-11,1.4167542585239674e-06,6.359141420871523e-08
0.5,2.5450069379215616,12,121.9190903918973,1.700766563606594e-05,2.1012603651857498e-11,1.5848360301986785e-06,5.5374456310603504e-08
0.5,2.5450069379215616,13,121.45939576606074,1.6494780809712576e-05,1.0681453634149069e-11,1.707308810108284e-06,5.337404277570809e-08
0.5,2.5450069379215616,14,119.3810579717009,1.7890047283555648e-05,1.3336452558510999e-11,1.7913676220126915e-06,6.076867980177582e-08
0.5,2.5450069379215616,15,118.09094730394081,1.706178540549987e-05,2.8188431087475485e-11,1.8340720137564965e-06,5.8878626238795635e-08
0.5,2.5450069379215616,16,120.32387753386178,1.7069972262904845e-05,2.897416352407178e-11,1.6225462328516051e-06,5.727561575575518e-08
0.5,2.5450069379215616,17,124.0861725653618,1.869713151764953e-05,3.019594911280912e-11,1.3457627477921395e-06,6.016638450041968e-08
0.5,2.5450069379215616,18,117.83323203350493,1.8670567493280645e-05,1.2967230785731368e-11,1.5660618269005156e-06,6.70107630234427e-08
0.5,2.5450069379215616,19,120.11515519835369,1.9463892952244956e-05,2.852576536525516e-11,1.4795582335740245e-06,6.745627290125805e-08
0.5,3.0787651158043707,0,106.11619964257467,2.1632776560869095e-05,1.8973660431213912e-11,1.5645895836977633e-06,9.927702569621679e-08
0.5,3.0787651158043707,1,101.81122908086239,2.0935934818739757e-05,1.499914534157205e-11,1.678653576834038e-06,1.0364479938603558e-07
0.5,3.0787651158043707,2,98.53765129683147,2.22466684525094e-05,3.0167288146584647e-11,1.7166096505646886e-06,1.1775588439258581e-07
0.5,3.0787651158043707,3,103.49924180464306,2.2740186715095163e-05,3.368192068947211e-11,1.2026497798917336e-06,1.1201381901159203e-07
0.5,3.0787651158043707,4,102.61576031645082,2.025303104676662e-05,3.031004030373062e-11,1.9396762500223492e-06,9.709387132919948e-08
0.5,3.0787651158043707,5,99.7262274337788,2.323193085609731e-05,1.2500296978283338e-10,1.7024391276476032e-06,1.2050474206123312e-07
0.5,3.0787651158043707,6,102.31983914658572,2.0458883460671938e-05,8.460283782499672e-12,1.8958832879901821e-06,9.90018053705696e-08
0.5,3.0787651158043707,7,104.23874497798828,2.093649363399648e-05,4.165852079968315e-11,1.7301647763720462e-06,9.854686003302445e-08
0.5,3.0787651158043707,8,106.47217446354637,2.012296889624848e-05,2.3948131089261272e-11,1.5297023642658634e-06,9.133115427131348e-08
0.5,3.0787651158043707,9,102.53825116772059,2.0710831624675323e-05,2.0413778643914567e-11,1.8416078690909865e-06,1.0016540205423924e-07
0.5,3.0787651158043707,10,107.31419988697793,2.1970412619967956e-05,4.1903862106402096e-11,1.4620312322570475e-06,9.911744275541612e-08
0.5,3.0787651158043707,11,101.21371749107077,2.2543440818650565e-05,1.3532449274153605e-11,1.6509106795897944e-06,1.137065998268494e-07
0.5,3.0787651158043707,12,103.18939222499975,2.1783544449238783e-05,6.153463758072864e-11,1.5328969163374672e-06,1.0599485262209707e-07
0.5,3.0787651158043707,13,100.10993941558294,2.1735475737265382e-05,1.891382657180217e-11,1.6641849613882582e-06,1.1164237213549527e-07
0.5,3.0787651158043707,14,100.80356216957186,2.0252088469093462e-05,9.64418006033615e-12,1.693223529390014e-06,1.0191513330708968e-07
0.5,3.0787651158043707,15,100.64115054993432,2.2827138902972414e-05,1.189805844568036e-11,1.5074458787531886e-06,1.1725446643476509e-07
0.5,3.0787651158043707,16,96.11426488652147,2.363105214161813e-05,3.741218000225186e-11,1.428334318566488e-06,1.3314276873933244e-07
0.5,3.0787651158043707,17,107.53167960763504,1.8869081926440555e-05,3.117713418930658e-11,1.6336491805665255e-06,8.287481505944653e-08
0.5,3.0787651158043707,18,102.64798632355095,1.8660491383114927e-05,4.812117410731412e-11,2.106943299857146e-06,8.777531491457892e-08
0.5,3.0787651158043707,19,105.99175250238042,2.2775789361305007e-05,8.217740192241363e-11,1.365557108803145e-06,1.0612831451596628e-07
0.5,3.7244671112900676,0,86.69317471947457,2.6559078086367373e-05,2.931798981845701e-11,1.508481196316144e-06,1.8033396596725298e-07
0.5,3.7244671112900676,1,81.439700828265,2.6466579141385582e-05,4.730982283848951e-11,2.0509168966381555e-06,1.9673918216845627e-07
0.5,3.7244671112900676,2,82.76794624761942,2.6279565574253182e-05,1.4719750917865967e-11,1.9540437183871646e-06,1.9058819689075066e-07
0.5,3.7244671112900676,3,76.21385270513798,2.910995993653561e-05,1.803638473137266e-11,2.0936495493416133e-06,2.4188163197941714e-07
0.5,3.7244671112900676,4,87.07270978373215,2.35668621880693e-05,3.833050511327828e-11,2.144997206104049e-06,1.547626820318188e-07
0.5,3.7244671112900676,5,82.28092448008654,2.613681117029223e-05,6.742914185650367e-11,1.9982564202828606e-06,1.9110390756849786e-07
0.5,3.7244671112900676,6,81.8322524363812,2.450784843992511e-05,1.6891153599874872e-11,2.3607560792879505e-06,1.7843593927011506e-07
0.5,3.7244671112900676,7,80.09924453608467,2.916791409636942e-05,2.3532738361908917e-11,1.8584388325027512e-06,2.248931940524938e-07
0.5,3.7244671112900676,8,77.34614810536291,3.1063209538117676e-05,6.718402821899256e-11,1.902712313874381e-06,2.537283934940302e-07
0.5,3.7244671112900676,9,80.73543152148956,2.7870409941521913e-05,4.297407423304073e-11,1.8836218435145962e-06,2.1156980574549169e-07
0.5,3.7244671112900676,10,80.4095737982741,2.7991909428022692e-05,4.418414903668413e-11,1.8910433915381094e-06,2.1390787198929355e-07
0.5,3.7244671112900676,11,85.88366710023699,2.4762234095655395e-05,1.9728213518503477e-11,2.067129347562139e-06,1.675298693762711e-07
0.5,3.7244671112900676,12,79.99235850869697,2.988324370331579e-05,1.0573127571882719e-10,1.698033356742751e-06,2.3186242887288085e-07
0.5,3.7244671112900676,13,86.75703623958829,2.7037502646735502e-05,8.676154502810804e-11,1.9827194228040384e-06,1.8104899588731763e-07
0.5,3.7244671112900676,14,81.16345531655074,2.997657520289975e-05,3.451128290591938e-11,1.6145027991416316e-06,2.2766764120757878e-07
0.5,3.7244671112900676,15,81.24517162075622,2.5277487149707484e-05,3.1009205594319355e-11,2.093682619559987e-06,1.879839939798187e-07
0.5,3.7244671112900676,16,85.33119729044756,2.8623924372028537e-05,4.0382393751970474e-11,1.7307383090743034e-06,1.991170540048155e-07
0.5,3.7244671112900676,17,78.6344856680735,3.0379646982750284e-05,1.0081011510327383e-10,1.658301312543225e-06,2.426562784013075e-07
0.5,3.7244671112900676,18,87.05892738415601,2.3612300404023607e-05,3.361169747780926e-11,2.218179253705807e-06,1.547622660582273e-07
0.5,3.7244671112900676,19,76.38973420646977,3.0330719569590276e-05,2.9380132129115544e-11,1.6050161006639343e-06,2.539883925740351e-07
0.5,4.50559063173522,0,56.579400566140414,4.4420416161554665e-05,1.97103588360149e-14,2.2856079348672257e-06,5.770709479989047e-07
0.5,4.50559063173522,1,64.17808768546654,3.7524550959983645e-05,2.0845594718368953e-10,2.4162125246434464e-06,4.0587946744874954e-07
0.5,4.50559063173522,2,61.91771153892391,4.307733298044537e-05,3.417284574950202e-10,1.990065785879474e-06,4.944126672518732e-07
0.5,4.50559063173522,3,60.289171903804935,3.866946224074972e-05,9.740552639969367e-13,2.068089580432764e-06,4.5967761841605653e-07
0.5,4.50559063173522,4,66.23561105612478,3.7649307780361694e-05,3.5423146796506157e-11,2.3547121131655148e-06,3.8942874599751646e-07
0.5,4.50559063173522,5,50.483120532703815,4.3312237212598015e-05,8.191119537372585e-12,2.5585601000127674e-06,6.539616852281545e-07
0.5,4.50559063173522,6,61.036323979057165,4.153234722384673e-05,9.231311163017134e-11,2.2712401525027025e-06,4.848872146344426e-07
0.5,4.50559063173522,7,59.558701405297214,4.507427624841209e-05,3.501790308120265e-11,2.0214049173779992e-06,5.469547443470243e-07
0.5,4.50559063173522,8,62.840678486544995,3.695440584383337e-05,4.2921050370159115e-11,2.1824447740058094e-06,4.131876833456571e-07
0.5,4.50559063173522,9,57.43216797384179,3.505000937087582e-05,4.5561360892227096e-11,3.274092821285433e-06,4.386574705960752e-07
0.5,4.50559063173522,10,67.5667977596638,3.2023528818561526e-05,3.1137561898632082e-12,2.6783505838307416e-06,3.1829455276351245e-07
0.5,4.50559063173522,11,58.795509217986066,3.3494744175434527e-05,1.3491983223779415e-10,3.1980729523807206e-06,4.0515544469516576e-07
0.5,4.50559063173522,12,61.077102981431146,3.686434643331696e-05,1.3395819962299097e-10,2.0188404596633204e-06,4.2991649313224684e-07
0.5,4.50559063173522,13,54.01154693296521,3.729655823540549e-05,8.27375215497807e-11,2.641694825797072e-06,5.123239232564672e-07
0.5,4.50559063173522,14,63.178240656348095,3.2622799906318104e-05,2.3037275330781315e-10,2.7928013459482863e-06,3.574232674705714e-07
0.5,4.50559063173522,15,56.352193302334115,3.943300945894773e-05,1.9930786779201724e-11,2.8181903053526887e-06,5.111204593313929e-07
0.5,4.50559063173522,16,56.93155769260177,3.809027135853351e-05,3.230772631698592e-11,2.5607872373220875e-06,4.875973170480819e-07
0.5,4.50559063173522,17,63.449852859602004,3.811730063885735e-05,1.6285229396129597e-10,2.5044480239279914e-06,4.1894282990203684e-07
0.5,4.50559063173522,18,62.47738449701621,3.3637447047835684e-05,6.991755220079768e-11,3.1199490369919395e-06,3.735068873474689e-07
0.5,4.50559063173522,19,66.93077179851181,3.621106972045196e-05,6.932184325357075e-11,2.3030347985215042e-06,3.6861499586560185e-07
0.5,5.450537307536761,0,49.81984120713553,5.2303657761161067e-05,2.1592780797694356e-11,3.146689882672041e-06,8.032929374219147e-07
0.5,5.450537307536761,1,31.66213971240316,5.764071088299792e-05,3.1009371218682834e-10,5.772161552446192e-06,1.5405738984577932e-06
0.5,5.450537307536761,2,42.6188889172749,7.082175242918469e-05,5.280250939378528e-10,2.899788811522315e-06,1.3355484672606328e-06
0.5,5.450537307536761,3,41.67396460427154,6.118761518840068e-05,4.5882779752348843e-10,3.0985094004472883e-06,1.183620009411258e-06
0.5,5.450537307536761,4,40.92795020427169,4.3333813274230986e-05,2.6131336659745104e-11,5.283034913344779e-06,8.420992832512164e-07
0.5,5.450537307536761,5,35.626945990655386,5.699027252797202e-05,6.822788832874211e-10,5.224687444915978e-06,1.3238185548496548e-06
0.5,5.450537307536761,6,39.24995061222966,5.4842759863117416e-05,6.796228015788894e-11,4.3432719502049046e-06,1.1350858975717057e-06
0.5,5.450537307536761,7,36.023820477332,6.607732683753873e-05,6.962671193648184e-10,3.568497902316372e-06,1.5269518694760672e-06
0.5,5.450537307536761,8,31.60762033695515,7.182123466636227e-05,1.6271962481040564e-14,5.090028660130532e-06,1.9344603952349643e-06
0.5,5.450537307536761,9,43.64628398725604,6.618339769058477e-05,5.68359458260359e-11,3.529316001273655e-06,1.2076453330125974e-06
0.5,5.450537307536761,10,34.2058800820512,6.947952992227761e-05,1.7255926452143825e-11,3.5347608082447702e-06,1.710452966049669e-06
0.5,5.450537307536761,11,38.018765170438954,3.951766759178241e-05,1.208371346082838e-11,6.786774237408785e-06,8.323542281916932e-07
0.5,5.450537307536761,12,40.37177973973816,6.129022591085726e-05,6.7571839209517804e-12,3.4760689969622013e-06,1.2318888699930415e-06
0.5,5.450537307536761,13,18.866144478485868,8.27296379703618e-05,2.8371976475824705e-11,6.274909968858428e-06,4.0036261851362915e-06
0.5,5.450537307536761,14,24.080166826724877,7.873669057255372e-05,7.213044665297337e-12,5.7991276912544435e-06,2.9026239939130766e-06
0.5,5.450537307536761,15,40.591707955116604,5.42708407092495e-05,2.9710315421949025e-11,3.868782835137873e-06,1.0794848276452954e-06
0.5,5.450537307536761,16,33.33946895031587,6.998408205315454e-05,8.075720659831965e-10,5.1422285840592e-06,1.767599657974534e-06
0.5,5.450537307536761,17,43.005375424156334,5.586089267432483e-05,5.105659545180088e-11,3.6994533372094153e-06,1.0348476930779426e-06
0.5,5.450537307536761,18,42.72956398245741,5.382881352110983e-05,6.267096238936061e-10,3.6574137348450686e-06,1.0042823156035584e-06
0.5,5.450537307536761,19,30.58630272472847,6.815933971364804e-05,1.632070205439232e-10,4.6842478515552776e-06,1.908803199522294e-06
0.5,6.593665374656693,0,8.86287619094768,0.0001595088113593509,2.296791806770144e-09,1.9027406500661954e-05,1.7277581715914632e-05
0.5,6.593665374656693,1,30.889495488360744,0.00010838762478097529,1.9320271410215354e-10,7.302731079856373e-06,3.0012232035992213e-06
0.5,6.593665374656693,2,13.171045026563993,0.00018144419599797735,5.987959956178664e-10,1.4278432485000816e-05,1.2959204345520754e-05
0.5,6.593665374656693,3,17.89318464081026,0.00014551865158106433,3.771669281147065e-11,1.3386716514031436e-05,7.4521864957264834e-06
0.5,6.593665374656693,4,14.428722300392604,0.00017950078595134198,3.322980870724168e-11,1.433688129790342e-05,1.1625420158320038e-05
0.5,6.593665374656693,5,26.491293223993143,0.00010291131403942573,3.285237037271684e-10,7.333684630189144e-06,3.4036125040500287e-06
0.5,6.593665374656693,6,23.027027895585046,0.00012051584226852608,7.493991408073009e-10,8.120342495310174e-06,4.676022246107361e-06
0.5,6.593665374656693,7,17.39699869318865,0.00010270461031518397,8.919302341691319e-11,1.333513141268767e-05,5.4046547117867215e-06
0.5,6.593665374656693,8,29.05775720576796,7.152185616513467e-05,1.4712416009738433e-09,7.966395078542445e-06,2.110028755785306e-06
0.5,6.593665374656693,9,17.15401435048726,0.00012887813258822037,4.487378374622145e-12,1.1075102469616564e-05,6.916033711290599e-06
0.5,6.593665374656693,10,26.16027516089913,0.00010881753515446,1.193300305662941e-10,8.708621213774345e-06,3.6466511010607083e-06
0.5,6.593665374656693,11,25.940178320702575,0.00010235653048600446,1.4262987473757375e-11,8.230585847443146e-06,3.4634166323950214e-06
0.5,6.593665374656693,12,18.826149079663377,0.0001356921130821548,2.2516598684581894e-10,1.1282555958086691e-05,6.5769068826687095e-06
0.5,6.593665374656693,13,16.432238857952548,0.00014632593621773492,7.365831377685921e-10,1.3365109823657345e-05,8.224384906367138e-06
0.5,6.593665374656693,14,29.72048000204857,7.54888862070662e-05,1.9358367083052985e-11,8.455060191312109e-06,2.17011748062202e-06
0.5,6.593665374656693,15,33.34729021336046,8.590455965824974e-05,1.0647531040239728e-10,7.740207705790623e-06,2.162812589976863e-06
0.5,6.593665374656693,16,18.18723069105606,0.0001372741111374763,1.1799496689081666e-12,1.2650778301388669e-05,6.905173958191485e-06
0.5,6.593665374656693,17,35.301138744084156,4.64128734645821e-05,1.5086223438409914e-10,9.153542755339492e-06,1.0660101678068944e-06
0.5,6.593665374656693,18,26.067248865819998,0.00011502925778060895,1.3302081198370459e-11,7.580367739072757e-06,3.878871896710564e-06
0.5,6.593665374656693,19,10.902942370461185,0.00018499733762346361,1.1445932955660999e-11,2.0643378184584017e-05,1.612104677420808e-05
0.5,7.9765389391664785,0,15.812471745773157,0.0003042416246712254,4.107897626352559e-10,2.643742084257164e-05,1.783779218474961e-05
0.5,7.9765389391664785,1,21.213324983453756,0.00019007633295285416,4.6358724135834793e-10,1.2299067184770209e-05,8.087889537972713e-06
0.5,7.9765389391664785,2,16.387664010918026,0.0001942603123712176,3.5188624816462555e-09,3.313297052532303e-05,1.087107121370368e-05
0.5,7.9765389391664785,3,20.72996009612158,0.00021359644168937296,1.8840426824895833e-12,1.7255760113857205e-05,9.308035873366858e-06
0.5,7.9765389391664785,4,19.25107197634464,0.00016676418403540613,5.690941049753007e-11,1.3341648296857835e-05,7.889202882855429e-06
0.5,7.9765389391664785,5,17.895627809815995,0.00024039090657645558,1.9360090407598172e-10,1.5664248620475405e-05,1.2341129023309155e-05
0.5,7.9765389391664785,6,21.732861367740313,0.00011857285130476928,2.500320871146881e-09,1.9273771398774146e-05,4.850517925329677e-06
0.5,7.9765389391664785,7,12.14415249685802,0.00020300442363082574,9.218007767188235e-11,2.768092071328578e-05,1.5751371305621533e-05
0.5,7.9765389391664785,8,17.99747564469641,0.00019832071190041642,2.43877228087283e-11,2.154897888858361e-05,1.0075091092389119e-05
0.5,7.9765389391664785,9,27.7795584830882,3.701816994550817e-05,1.957870562988121e-10,1.6057583891498508e-05,1.0916721594362095e-06
0.5,7.9765389391664785,10,13.614289249341569,0.0001753258753511288,2.2987152712403e-09,2.4714514457614226e-05,1.2029880503809024e-05
0.5,7.9765389391664785,11,9.580248918197967,0.0003939858535539874,1.5214520752190718e-08,4.702238802231516e-05,3.9318764320384664e-05
0.5,7.9765389391664785,12,16.26939620423229,0.0002791000261996726,2.9727744647542404e-10,1.7411767783263775e-05,1.5899716863588745e-05
0.5,7.9765389391664785,13,3.2711306625897394,0.00046887376455925013,5.016758662625384e-10,0.00011419668910955292,0.00014143406236517397
0.5,7.9765389391664785,14,19.733936940727176,0.00018785595942226593,1.0533844354055248e-09,2.1180401724879752e-05,8.615023621910978e-06
0.5,7.9765389391664785,15,14.105573276602426,0.0002808307293240853,2.0818213363958695e-11,2.0119472581612913e-05,1.8648074328683797e-05
0.5,7.9765389391664785,16,17.520174463255408,6.398946507235458e-05,1.8024970912820233e-11,2.0300939761984088e-05,3.2811380330906135e-06
0.5,7.9765389391664785,17,13.596876159895922,0.00030181147763377165,1.774970803039933e-10,2.4565173261863278e-05,2.0831256232872564e-05
0.5,7.9765389391664785,18,16.22014511406041,0.0002958815593660215,4.713746782801104e-10,2.15644665901163e-05,1.6895494339671926e-05
0.5,7.9765389391664785,19,15.126360231785572,0.00024812158506467663,4.92447662984668e-10,2.522000302302109e-05,1.5244594807905114e-05
0.5,9.649439247036673,0,14.499272996115907,0.00029157039403343674,1.0232584093981837e-09,4.607616267386254e-05,1.8669340963781542e-05
0.5,9.649439247036673,1,11.46616211576602,0.000513087147244676,6.309272251703563e-11,6.249544182276925e-05,4.236077011801966e-05
0.5,9.649439247036673,2,18.382338782813406,0.000512708704350194,5.711635745702334e-09,2.8354969245420902e-05,2.5578623561757352e-05
0.5,9.649439247036673,3,10.534638770077361,0.0002712267616681592,3.751359691015913e-09,2.3436167321885474e-05,2.4540323236150288e-05
0.5,9.649439247036673,4,7.960036761239885,0.0006749076066840196,1.7182864720899544e-09,5.969864949091739e-05,8.190152918131873e-05
0.5,9.649439247036673,5,14.16146199430558,0.0004064141767814723,1.5249770280120126e-08,5.1924291160413975e-05,2.674307509635102e-05
0.5,9.649439247036673,6,11.369492178047619,0.0001715128788162784,2.3313821611116733e-11,5.543945025151144e-05,1.41145611656381e-05
0.5,9.649439247036673,7,12.840934136745835,0.00020521406985914828,1.501496448771662e-09,5.046572512862722e-05,1.4886479136561155e-05
0.5,9.649439247036673,8,10.459801294004635,0.0006707274585518687,1.4194720991784189e-09,7.759085570647037e-05,6.105405738796333e-05
0.5,9.649439247036673,9,15.127093939797405,0.00010187773696567722,5.913403328445293e-10,3.8119411405328646e-05,6.119202977519752e-06
0.5,9.649439247036673,10,9.447178227938453,0.00014505825283429622,3.9483744889409825e-15,2.1089112989736566e-05,1.4677541692820218e-05
0.5,9.649439247036673,11,11.767478009529647,0.0005547815861148475,1.7378421044596575e-10,6.817593410624159e-05,4.4554196129846116e-05
0.5,9.649439247036673,12,13.495556730758837,0.00014018957983367116,8.57972401590491e-10,3.250051924994502e-05,9.647119106698233e-06
0.5,9.649439247036673,13,6.3106299448345355,0.0007199733602412802,2.046741131305901e-09,0.00012125351602688867,0.00011085204985177413
0.5,9.649439247036673,14,16.61528429324181,0.0002520554076140247,1.0961757709346012e-10,3.9385566737453106e-05,1.3916066672028336e-05
0.5,9.649439247036673,15,10.191123480461586,0.0008714855433234268,2.990227155494814e-11,9.20067140233231e-05,8.158316415656037e-05
0.5,9.649439247036673,16,11.23915593684369,0.0006162560345455107,4.3946925232907686e-08,4.663531403843039e-05,5.2068801034254475e-05
0.5,9.649439247036673,17,13.846214528383372,0.0005544731238827051,4.9184279437734845e-09,3.879825817988798e-05,3.755894678377035e-05
0.5,9.649439247036673,18,12.893515721645821,0.0006647595260955444,7.680629936505478e-10,5.228131093199409e-05,4.8572776879247546e-05
0.5,9.649439247036673,19,6.832811237770716,0.0006859033691375697,2.2004843682091648e-08,0.00011544295479438125,9.723440208451528e-05
0.5,11.673192908901102,0,11.595008162045609,0.0016309219614231156,3.6798033228222046e-08,0.0001713571902662326,0.00013316093080872966
0.5,11.673192908901102,1,2.577114792384823,0.0017215050723832209,1.787125488239406e-06,0.0005842803333603203,0.0006591770130602357
0.5,11.673192908901102,2,1.759915606919308,0.0007295627574430295,9.818790574203234e-08,0.00039476066182186074,0.0004114532131530411
0.5,11.673192908901102,3,7.641911853208711,0.0014062547610628024,1.807555237407505e-08,0.0001914945177080958,0.00017769551619481564
0.5,11.673192908901102,4,5.792601211247238,0.0015075032502337128,1.131742272567131e-08,0.000309632544618999,0.0002532996719154823
0.5,11.673192908901102,5,4.551904865462522,0.002237712836457056,4.926769238680239e-09,0.0004118526032270144,0.00048212101088639884
0.5,11.673192908901102,6,11.016657680818668,0.001404786914549693,1.9636889464382347e-09,0.00010377609159800483,0.00012134291877642437
0.5,11.673192908901102,7,13.79284554933152,0.0015648730969440986,4.393660463171001e-10,0.00012436035194642,0.00010638007500554204
0.5,11.673192908901102,8,11.42797215385646,0.001482024639990445,7.467590999731416e-09,0.000135203104783372,0.00012301138770556778
0.5,11.673192908901102,9,10.336834669628706,0.0013655983359645023,1.0903202161509017e-07,0.0001622210252734543,0.00012573980899276805
0.5,11.673192908901102,10,11.696158987774794,0.0011984917224084968,7.03396650280725e-10,0.00014783981032387653,9.687151357810264e-05
0.5,11.673192908901102,11,13.19839503396795,0.0012442644457878508,6.755553701483387e-09,0.0001379821885571991,8.846777870175776e-05
0.5,11.673192908901102,12,8.478893060666518,0.0019648885587698946,6.755743196644732e-09,0.00015831444542801034,0.00022333082789067324
0.5,11.673192908901102,13,9.013565944472674,0.0014326836687556844,1.5152603806435184e-09,0.00015478554189177467,0.00015256729629230823
0.5,11.673192908901102,14,2.139899006213369,0.002509864244945432,1.9932659810271526e-07,0.0010341637154737088,0.0011626224102849454
0.5,11.673192908901102,15,12.992532824666313,0.0013270728642430477,2.8874519257181376e-08,0.00010500100058298033,9.614749528270355e-05
0.5,11.673192908901102,16,5.164650327020765,0.0014938805516822075,4.370821599162344e-08,0.0002514879384249972,0.000282785757550941
0.5,11.673192908901102,17,9.405425156288041,0.0014910809573913265,2.0304096612476854e-08,0.00014611380961522245,0.00015191227647838254
0.5,11.673192908901102,18,10.033979238318114,0.0017682871602294652,4.603815129985335e-08,0.00018564497595913458,0.00016822780773235188
0.5,11.673192908901102,19,9.59414103186732,0.0015764683297468684,8.095195972404547e-09,0.00016879969469239274,0.00015723795292323765
0.5,14.121383553999292,0,8.807653975535052,0.002930826102975037,1.9588090486432812e-07,0.00046752146163951485,0.00031879810727172695
0.5,14.121383553999292,1,6.489081042951014,0.002278042871545814,1.0778029023976172e-07,0.000489621017297421,0.00034012740563955116
0.5,14.121383553999292,2,12.056789159376127,0.003181722868009339,4.4905741078268165e-10,0.00025943694300292443,0.00024965982865563863
0.5,14.121383553999292,3,8.308068070494492,0.003155922098766554,8.427787085881318e-10,0.0003347834229755525,0.0003660057671308981
0.5,14.121383553999292,4,8.414420446294036,0.0041093166050466924,1.2150460002283868e-08,0.00039924771724718984,0.0004704619334100635
0.5,14.121383553999292,5,8.502318888641415,0.0035320250162219516,5.116463114743488e-08,0.0004614024468085393,0.00039937152615794993
0.5,14.121383553999292,6,6.954464978740761,0.0037417643959193727,4.715642791560167e-10,0.0006059404170386252,0.0005210438096966974
0.5,14.121383553999292,7,14.354309606755058,0.002826401192333649,1.5479381743633308e-09,0.0002165460305221086,0.0001841189534513143
0.5,14.121383553999292,8,4.6084518894016915,0.005150021707341965,1.8729212900181628e-09,0.0011483377872460543,0.0010946288444477453
0.5,14.121383553999292,9,4.657751865658888,0.0032255583940560065,8.286812372129835e-08,0.00048246777295295423,0.0006792452351261755
0.5,14.121383553999292,10,8.637668236727716,0.0010466005140210369,3.308110987920681e-09,0.0001956410716351549,0.00011611717070112115
0.5,14.121383553999292,11,10.793045641495288,0.0037695066578651054,6.926714120207503e-08,0.0002812116733582237,0.00033265327038739826
0.5,14.121383553999292,12,6.608517048192883,0.0027061615904162904,3.597770791930383e-08,0.0005463850346845704,0.00039673907188835157
0.5,14.121383553999292,13,14.995607181313442,0.0027146463785638975,1.5871388572486906e-08,0.0002777039229483066,0.00016834194718102084
0.5,14.121383553999292,14,12.600333362195926,0.00016059436624623228,1.0960849738729269e-09,7.373049039253786e-05,1.1717956279287417e-05
0.5,14.121383553999292,15,8.001650902060536,8.05856859303916e-05,1.0236094108288881e-09,4.1845455150509055e-05,9.551118061416014e-06
0.5,14.121383553999292,16,5.684358289960515,0.0013095756103661139,2.906697789453574e-08,0.00020494598652475086,0.00022467381864915253
0.5,14.121383553999292,17,6.882260977313851,0.0040947644356907715,8.910065797731086e-09,0.0004888896974718636,0.0005772772921024201
0.5,14.121383553999292,18,10.952518245454216,0.002375085658634869,4.92094118692873e-08,0.00023678192983678614,0.0002060710115089217
0.5,14.121383553999292,19,11.836542513779593,6.633362924664337e-05,3.98261858432149e-09,4.559181133639259e-05,5.1021261175738746e-06
0.5,17.083027328975618,0,7.935570583048683,0.00776556535381987,1.520657455778885e-07,0.0012927726853360646,0.0009422172071702327
0.5,17.083027328975618,1,8.867924006001946,0.0065252674494950865,1.024347685972854e-09,0.0008439010808380138,0.0007061428589272263
0.5,17.083027328975618,2,2.8725876189064175,0.00042794469705864484,2.6434900690739238e-08,0.00014779052849337208,0.00014709400385848903
0.5,17.083027328975618,3,9.588656618187526,0.006636067652673785,3.454502137863975e-08,0.000769528342663918,0.0006619867352338633
0.5,17.083027328975618,4,4.48015802471479,0.007483563525756701,3.284266567026998e-07,0.002041380998825182,0.0016351791440528502
0.5,17.083027328975618,5,5.892290320243365,0.011540476415521639,1.6611431507852204e-06,0.002650171570106101,0.0019022243358569047
0.5,17.083027328975618,6,11.566942984804776,0.005803881097581971,1.703393885646434e-07,0.0008403673753761195,0.00047389689615755573
0.5,17.083027328975618,7,6.746356344307256,0.003741989481796799,2.9659076047614914e-08,0.0007612413019497864,0.0005369558335180733
0.5,17.083027328975618,8,6.7709296304869575,0.00909752705309818,1.896359355506851e-08,0.001386486713571021,0.0013029112809383192
0.5,17.083027328975618,9,10.58113022059648,0.007187370283503529,1.968723733411583e-07,0.0007704799531763969,0.0006464435085110536
0.5,17.083027328975618,10,7.957607297889471,0.002270338659823431,1.6635766858752666e-08,0.000489852432933408,0.00027413559664188163
0.5,17.083027328975618,11,11.371370141805688,0.005860667702200119,1.9612630814295204e-11,0.0006416237735056854,0.000488507855960738
0.5,17.083027328975618,12,7.791145929384687,0.008406623346926321,1.0554643867087337e-08,0.0015053312302581484,0.0010393672599107635
0.5,17.083027328975618,13,3.340649018663044,0.00956228635054637,3.7889759046289996e-10,0.002291510630161126,0.002823458769625018
0.5,17.083027328975618,14,7.204514740030652,0.0011017452164976166,1.7102771467953514e-08,0.0006281120810207267,0.0001456144796783727
0.5,17.083027328975618,15,7.15053790303096,0.006569467607953016,3.5715106104567e-07,0.001413622038963543,0.0008866442056923357
0.5,17.083027328975618,16,10.50324414710465,0.006987019380548154,7.6434327005757e-08,0.0007592943137240286,0.0006334107976675973
0.5,17.083027328975618,17,4.0754146036808345,0.010782368647389386,4.3829339549669215e-07,0.002378831944825875,0.002599173876027333
0.5,17.083027328975618,18,3.8005056051237247,0.009856809429354527,6.031859752525059e-08,0.002038651949470371,0.002553000160115123
0.5,17.083027328975618,19,5.316712896049074,0.007766546104300466,3.21014519716848e-09,0.0015188277796945441,0.0014260926711867853
0.5,20.66580952260013,0,6.244557674096354,0.01965714151717895,1.7532454773707967e-07,0.004465394739371326,0.0030537688470453294
0.5,20.66580952260013,1,7.664455856827441,0.017833408943177215,5.124023106438584e-08,0.0025002480896724787,0.002246360153188867
0.5,20.66580952260013,2,6.76934694654801,0.00019000470051990333,5.4085830848882706e-08,0.00028678302735912065,2.586958184445332e-05
0.5,20.66580952260013,3,11.24805086563823,0.012168346063213016,5.125937324705763e-08,0.0015948003151014288,0.0010247019580195004
0.5,20.66580952260013,4,9.201797780156278,0.014712930315777204,5.924877159356547e-08,0.0020763534620621403,0.0015307245864264753
0.5,20.66580952260013,5,9.846720267532003,0.000898883337617536,6.016175189592011e-07,0.0006760273300294283,8.372884858176206e-05
0.5,20.66580952260013,6,11.144086096093561,0.015052790775995821,1.476251525118921e-07,0.0012406389538427956,0.0012837491912405128
0.5,20.66580952260013,7,12.863801061895282,0.015843673077214807,9.484284527742525e-07,0.0022189907272584805,0.0011547039651762347
0.5,20.66580952260013,8,8.641456580284496,0.01611439646859097,1.248538776404998e-07,0.0022930591604081885,0.0017905594319389726
0.5,20.66580952260013,9,9.84943663699942,0.012017148531546167,3.470850697694876e-08,0.0016232445000992754,0.0011642897655287727
0.5,20.66580952260013,10,8.099139911368495,0.0043590755615680815,7.75108134001424e-07,0.0017710126127433471,0.0005118023684277031
0.5,20.66580952260013,11,10.244382863647248,0.01461877957903671,1.5454961574634576e-09,0.0015273954814523831,0.0013611014138467158
0.5,20.66580952260013,12,9.015847854611136,0.011986946242889776,5.1249777048167585e-08,0.0015983957604699401,0.001274595967849982
0.5,20.66580952260013,13,10.957696940151735,0.018051077335668287,1.0024924352520966e-06,0.001494145183295539,0.0015662979241048989
0.5,20.66580952260013,14,4.618730280182928,0.010567008225108417,2.6399380845423605e-07,0.005423489082508187,0.0022252031652691064
0.5,20.66580952260013,15,8.331592394197152,0.00508316273507088,2.1854363763801093e-07,0.0018104470531970466,0.0005811765129539467
0.5,20.66580952260013,16,4.86464659596328,0.0008168297488759457,4.984492051395253e-09,0.0009154968110782579,0.0001605416210444913
0.5,20.66580952260013,17,11.612242104028688,0.012817155817358072,2.6415364082303014e-08,0.0015723987528284712,0.0010439706367627792
0.5,20.66580952260013,18,7.983190035191145,0.019214666680823722,7.968113317289911e-07,0.0034644012456628314,0.002315089385005188
0.5,20.66580952260013,19,7.280446632988416,0.01744329970618827,1.414514656442419e-06,0.002942211370751413,0.002314063416301298
0.5,25.000000000000007,0,5.631735221022351,0.2516129542477237,0.000856157230098353,0.3525773115091909,0.04115856284061073
0.5,25.000000000000007,1,11.888875493549426,0.04500265240773306,1.4616580707920166e-05,0.009170035003935295,0.00354196595842013
0.5,25.000000000000007,2,14.571341476967822,0.03455627593287653,5.699181636116609e-06,0.005244698981948481,0.0021962945246625067
0.5,25.000000000000007,3,12.722773000777645,0.03876530140230667,3.6065644674642967e-06,0.006377741392979437,0.0028527936351189906
0.5,25.000000000000007,4,5.145975829480561,0.09007474138848001,0.00013163422906449835,0.0722869484518488,0.016698374935377572
0.5,25.000000000000007,5,13.895683378551288,0.03904583219393125,6.720024086856881e-07,0.006504712058156697,0.002615520885597103
0.5,25.000000000000007,6,8.8808777088969,0.056737644024679124,2.31944373212505e-05,0.017869608156884646,0.006054459593438211
0.5,25.000000000000007,7,7.910419981015775,0.05657111969592176,3.2765137627739218e-06,0.013722234433045395,0.006862926114572992
0.5,25.000000000000007,8,9.215260963861416,0.05269020344349921,6.527529468639429e-05,0.039107190078042746,0.005249228882701573
0.5,25.000000000000007,9,6.292780175722537,0.026161004134748443,7.000450960460282e-07,0.012873509726404251,0.003996595442979366
0.5,25.000000000000007,10,7.53329207701575,0.05263897526546847,5.41857621907546e-07,0.017765332987336294,0.006698280552990769
0.5,25.000000000000007,11,4.421828482666785,0.3171670769128199,0.0024222372112312207,0.574629699080881,0.06537834685142334
0.5,25.000000000000007,12,4.538676044461838,0.5742134667753116,0.0070302717411573935,0.5648886637699662,0.11474249867676921
0.5,25.000000000000007,13,12.237097197564614,0.054884053065677986,3.180754627496026e-05,0.016987673440853168,0.004144446688977193
0.5,25.000000000000007,14,8.249812338953072,0.04058353902193655,2.4811615332021768e-06,0.01498585224764447,0.00468521042579283
0.5,25.000000000000007,15,8.951971797933998,0.028694363426322072,4.711944568755749e-07,0.007807679836692725,0.003053617514832318
0.5,25.000000000000007,16,9.411934815129616,0.040387982752471255,2.1201321709691738e-07,0.008821045268925786,0.004087679228898221
0.5,25.000000000000007,17,3.9562358183941573,1.0509137766878132,0.006894488899632874,1.4181667401893663,0.2483242035947688
0.5,25.000000000000007,18,6.266223074563559,0.04838814528912122,2.0595782061064785e-05,0.02131222584297958,0.007418210684302293
0.5,25.000000000000007,19,5.823739695140579,0.06559507978895794,2.124468779270624e-05,0.09138534518822213,0.01054868921710507
